id_original,nombre_referencia,total_docs,toxicidad_genetica,carcinogenesis,estres_oxidativo,disrupcion_endocrina,toxicidad_metabolica,hepatotoxicidad,nefrotoxicidad,cardiotoxicidad,neurotoxicidad,microbiota_dysbiosis,barrera_hematoencefalica,barrera_intestinal,inflamacion_pro,alergia_inmune,autoinmunidad,antioxidante_tecnico,valor_prebiotico,citoproteccion_salud,actividad_antimicrobiana,epigenetica,bioacumulacion_persistencia,nanoparticulas,evidencia_humana,estudios_mecanisticos,estudios_in_vivo,interacciones,toxicidad_emulsionantes,toxicidad_edulcorantes,toxicidad_conservadores
0,Dicalcium citrate,89607,786,1938,1454,43,2510,328,744,1260,987,110,856,61,1862,1014,896,471,62,627,5169,998,606,2450,15737,4998,12097,427,17,2,0
1,Butylated hydroxytoluene,92396,1018,2374,2426,62,2745,376,762,1445,987,133,828,78,1902,1238,939,2296,57,699,5478,861,546,2181,17059,4591,12990,528,23,12,3
2,Magnesium citrate,78147,599,1318,992,42,2039,221,598,1135,793,83,663,39,1508,874,724,428,43,460,4516,728,486,1652,13407,3410,9231,383,19,1,1
3,Potassium ascorbate,83417,669,1619,1378,76,2518,355,685,1204,977,125,704,69,1737,1103,867,476,53,558,4931,755,503,2088,15030,4194,11023,383,21,0,1
4,lipase,191121,6830,6116,7246,458,13531,1554,733,1551,1769,354,1041,262,3426,1322,745,5842,354,3431,23765,4619,2930,9920,8568,14021,55929,2311,297,9,2
5,Potassium carbonates,70117,568,1517,1341,70,2093,282,573,1029,790,101,634,87,1577,784,673,486,50,626,3966,851,409,1763,14024,4216,9234,337,30,2,0
6,Propylene glycol,53145,422,980,794,49,1699,191,479,924,509,75,420,46,1048,839,467,419,36,344,3655,529,431,1762,12179,2307,6643,288,18,3,4
7,Aluminium ammonium sulphate,44800,324,747,563,12,1448,160,369,732,422,50,362,31,911,560,424,212,28,251,2450,463,252,905,9399,1986,4777,183,8,0,0
8,sodium alginate,80292,554,1375,1309,43,2270,255,533,1070,750,112,657,62,1454,827,697,1006,74,476,5465,662,507,3591,14594,3565,10158,348,22,3,0
9,Alkannin,200000,3168,6794,5667,273,8741,1152,2527,4982,3558,734,2921,341,7251,4463,3292,2413,421,2180,22282,3251,2663,10402,57095,16388,44794,1806,60,7,1
10,Citrus Red 2,200000,1890,4406,2947,129,6860,704,1925,3843,2516,307,2078,161,4681,3310,2207,1178,136,1430,12545,2241,1328,5151,46861,11422,27144,1018,39,5,0
11,Monoammonium glutamate,34624,238,581,431,25,1239,132,299,492,348,45,285,18,781,481,338,226,30,190,1870,312,208,784,8741,1494,3343,151,4,0,0
12,Starch aluminium octenyl succinate,8315,57,153,140,2,211,28,58,154,83,19,82,9,180,90,75,62,7,45,473,121,29,286,1525,537,976,35,0,0,0
13,Ammonium phosphate,59213,367,1028,781,18,1920,193,505,944,606,70,511,48,1213,704,623,312,45,342,3246,732,342,1310,12677,2874,6086,237,5,1,0
14,Lysozyme,57193,403,888,2627,34,985,133,495,613,543,306,386,251,1742,921,633,917,220,328,21423,1032,347,2941,5682,4841,8957,298,15,1,0
15,Calcium hydrogen carbonate,155539,1284,2765,2339,119,4505,572,1307,2499,1680,203,1307,89,3167,1839,1534,918,98,1000,8937,1449,1099,4348,30897,7583,19617,717,26,3,0
16,Erythritol,20998,116,305,298,5,760,91,161,337,191,64,163,23,440,246,190,129,27,98,1230,262,106,389,4813,1190,2063,88,4,10,0
17,Calcium aluminium silicate,32143,217,534,498,24,1043,99,335,578,345,55,289,18,746,376,353,226,19,178,1814,325,161,655,6984,1364,2979,125,9,0,0
18,Erythorbin acid,200000,53964,118104,174667,3291,142303,24273,27092,27920,50114,18369,26164,7316,83496,30516,30461,78123,23683,62532,200000,90716,50652,200000,200000,200000,200000,35477,2299,164,117
19,Green s,171021,1290,3264,2897,151,5011,565,1346,2635,2477,291,2059,144,3910,2286,1730,1042,159,1574,9400,2105,978,4416,32677,9541,21748,780,35,3,0
20,Acetylated distarch adipate,10229,83,230,148,9,338,31,69,140,129,17,114,10,192,96,101,55,7,58,535,160,46,327,2059,706,1144,29,0,0,0
21,Nitrogen oxide,22220,158,439,425,11,809,105,209,405,200,28,216,11,541,287,234,179,17,159,1109,218,131,434,5930,1036,1875,74,1,0,0
22,Violaxanthin,157943,1468,2641,2141,84,4724,493,1264,2320,1769,203,1392,105,3303,2105,1641,876,94,926,8719,1334,929,3393,31617,7356,18790,718,38,4,1
23,Calcium guanylate,35987,256,708,588,11,1009,93,318,629,398,33,318,24,686,462,329,180,25,260,2021,396,233,790,6991,2008,5007,206,6,1,0
24,Maltol,29043,199,491,417,12,982,111,278,492,311,42,224,17,637,343,308,196,18,191,1574,276,161,616,6724,1295,2590,103,5,1,0
25,Potassium nitrite,88825,845,1746,1333,45,2278,289,675,1324,1077,95,775,58,1739,1065,842,445,49,567,5270,785,512,1880,15549,4135,11608,469,16,3,0
26,Sorbitan tristearate,93929,1559,9441,10276,88,3377,948,1134,2303,2638,230,2236,581,12910,1489,1581,1856,115,4072,8485,2364,527,6542,9374,23881,37550,1090,120,1,1
27,Sodium benzoate,137030,1198,2715,2267,96,4166,464,1124,2008,1533,268,1200,113,3065,1767,1442,984,108,1238,8391,1365,951,3247,26968,7064,16749,647,33,7,126
28,Potassium phosphates,77195,558,1286,1143,43,2395,244,623,1294,873,244,703,45,1500,887,709,466,59,513,4287,826,519,1869,16725,3475,8351,289,11,1,0
29,Red iron oxide,113000,800,2077,2406,68,3642,357,954,1826,1217,151,1047,82,2615,1471,1167,647,68,699,6485,1096,665,2697,24596,5885,13462,519,19,1,1
30,Sodium pectate,62762,775,1114,1067,40,1945,213,472,1196,579,74,457,48,1165,738,608,378,35,413,3530,565,437,2097,13730,2806,6896,258,14,1,0
31,Chlorophylls and Chlorophyllins,200000,1834,4238,3479,164,9603,818,2837,4244,2463,249,1971,158,4725,2586,2293,1391,141,1649,12393,2343,1748,6485,49605,11292,30121,1057,50,3,0
32,Alkaline modified starch,13444,84,308,280,11,469,50,113,189,211,23,151,17,294,102,154,112,22,124,793,194,71,688,2710,928,1691,64,4,0,0
33,Calcium iodate,22711,133,357,271,12,860,120,240,347,230,29,210,17,566,271,287,104,15,134,1240,228,114,383,5996,996,2002,83,1,0,0
34,Sodium acetate,78517,570,1537,1326,52,2453,240,626,1118,889,101,675,58,1527,875,708,538,171,517,5084,924,570,2049,15459,3901,10292,354,15,1,2
35,Sorbitan monopalmitate,45271,328,889,738,35,1308,155,375,712,471,59,353,29,906,556,436,289,29,315,2521,549,305,1116,8382,2381,5503,227,7,0,1
36,calcium peroxide,33530,227,599,915,19,1105,181,295,604,320,57,321,25,785,326,321,229,35,277,1940,393,175,873,7368,1790,4429,172,8,1,0
37,Calcium bisulphite,98117,888,1856,1484,51,2666,321,720,1507,1032,123,863,53,1907,1142,950,579,64,646,5472,1116,715,2182,17556,5001,12352,448,15,2,0
38,Calcium hydroxide,41671,279,634,573,14,1108,126,319,580,346,40,269,21,869,438,355,188,24,215,4103,356,180,947,8367,1846,4366,167,10,0,0
39,Soybean hemicellulose,43137,286,715,593,25,1280,137,356,729,441,54,372,19,920,517,447,215,22,239,2434,400,243,1112,9247,2040,4380,186,5,0,0
40,Magnesium Gluconate,46459,369,823,810,25,1608,169,422,789,432,65,358,36,987,517,420,334,34,302,2753,514,297,1552,11362,2361,4985,207,9,0,0
41,Phosphoric acid,68707,463,1305,1087,41,1744,195,450,873,655,82,508,45,1257,690,567,394,53,378,4450,785,378,1970,11618,3412,7326,246,12,2,1
42,Beetroot red,136874,967,2397,1912,133,4416,513,1202,2092,1504,235,1199,117,3143,1893,1659,690,126,786,7983,1233,709,3335,28933,7053,15881,573,23,2,1
43,flavin mononucleotide,200000,4107,8696,7479,363,8195,1119,2547,5389,3886,532,2819,322,8087,4532,3136,2588,336,3087,26535,3777,2583,12469,53044,20446,61588,2639,69,9,7
44,Oxygen,200000,20194,26930,200000,618,24837,5463,6908,21242,13842,1248,9340,1335,35040,6012,3963,43966,677,30186,80949,16576,4921,62235,64620,84914,200000,6253,254,13,36
45,Quillaia extract,40411,295,629,505,32,1154,136,319,593,313,82,288,26,869,357,317,228,23,235,2684,354,293,1228,8458,1597,3490,133,10,1,0
46,Dipotassium tartrate,57252,416,964,858,34,1773,179,485,859,627,76,505,39,1230,734,627,349,57,374,3283,496,385,1295,11535,2613,6029,231,7,1,1
47,carotene,200000,2300,5003,6749,163,7953,958,2067,3808,2429,398,2053,205,5048,2780,2697,6340,198,2003,14678,2393,1932,7280,48007,12447,32550,1410,77,6,3
48,Tocopherol-rich extract,62931,435,1050,949,26,1946,200,564,947,658,101,605,57,1308,774,567,377,45,416,3482,611,336,1492,12119,3404,7185,243,14,3,1
49,Gardenia Blue,153103,1242,2903,2232,94,4310,489,1176,2239,1677,203,1302,114,3198,1911,1572,979,116,1009,8441,1311,1041,3545,26795,7857,19863,734,30,3,0
50,Potassium malate,86265,679,1429,1170,41,2256,239,580,1152,835,94,724,52,1453,1006,725,455,46,558,4658,935,530,2388,15215,4661,11023,393,12,2,0
51,Sodium fumarate,78160,687,1354,1186,35,2014,222,661,1217,714,90,616,38,1473,982,728,398,40,404,4469,687,481,2137,15220,3345,9006,363,9,2,0
52,Brilliant black bn,180251,1434,3486,2822,135,5784,627,1355,2687,2249,245,1589,134,3879,2450,1825,1041,115,1267,10341,1848,1123,4666,35611,9820,23373,872,53,4,1
53,Rubixanthin,156734,1464,2640,2045,84,4720,493,1264,2320,1768,202,1391,105,3303,2105,1641,791,94,921,8684,1325,928,3334,31611,7150,18698,715,38,4,1
54,Sodiumglycinate,42000,255,603,556,28,1536,204,422,693,396,48,413,32,910,541,564,189,28,253,2155,349,243,876,11400,1583,3829,149,3,0,0
55,Magnesium silicates,40443,302,685,517,26,1282,120,303,628,386,41,331,22,786,504,402,168,14,220,2158,353,225,957,8319,1680,4437,193,10,0,0
56,Alpha-Amylase,68177,685,1248,1917,61,2524,218,248,662,707,148,413,90,1212,946,492,2198,176,791,4884,766,534,3280,9494,5242,11851,533,35,0,0
57,Hydrogenated poly-1-decene,23637,151,459,355,11,787,89,237,355,226,35,203,12,515,270,210,149,16,155,1154,245,132,534,5018,1292,2825,131,9,0,0
58,Calcium stearoyl-2-lactylate,35908,213,625,430,13,1283,128,327,551,375,30,323,19,728,432,370,164,25,189,1864,334,208,700,8921,1645,3507,142,1,0,0
59,Sulphite ammonia caramel,200000,4343,7765,9468,317,13073,1995,3626,6825,3835,566,2766,358,7903,4145,3379,4024,331,3819,26324,4141,4147,14102,71423,18662,60356,2825,185,10,5
60,Carotenoids,200000,2392,5109,8260,174,8152,988,2097,3816,2547,425,2169,213,5179,2772,2690,7032,254,2473,15342,2511,2033,7959,47169,14612,33674,1450,66,6,3
61,Magnesium hydroxide carbonate,37099,265,675,604,34,1199,146,319,580,464,67,360,30,736,427,361,206,26,316,1915,406,196,950,8050,1831,4092,172,6,1,2
62,Calcium inosinate,36599,234,631,459,21,1175,128,312,561,415,43,338,21,718,429,360,147,18,222,1866,314,217,893,7636,1659,4072,194,6,1,1
63,Ammonium acetate,107840,1019,2799,5513,71,3034,606,782,1309,1103,297,951,197,7057,1168,1409,2148,167,1258,9682,1669,1022,7237,14646,10909,35998,673,313,0,2
64,Polyoxyethylene sorbitan monopalmitate,39518,263,659,569,20,1347,132,350,695,402,38,339,23,858,529,416,228,20,208,2122,365,223,868,8709,1897,3959,145,5,1,0
65,Lanolin,30922,226,562,374,16,1060,141,293,489,328,42,291,23,668,557,311,150,23,180,1696,305,179,551,7543,1326,3152,115,3,2,1
66,Polyvinylpyrrolidone-vinyl acetate copolymer,10623,63,174,184,4,303,48,64,132,110,21,93,14,225,107,146,106,10,74,567,156,51,336,1856,618,1169,40,1,0,0
67,Desconocido,52969,358,867,786,34,1615,187,436,837,615,82,465,40,1127,656,552,266,35,362,2976,513,302,1276,10767,2634,6068,235,14,1,1
68,synthetic magnesium silicates,39865,301,684,498,24,1280,120,301,627,387,41,331,22,777,501,399,161,14,220,2107,353,226,865,8311,1676,4371,185,10,0,0
69,Ferrous lactate,39590,302,718,560,22,1191,138,301,661,395,48,364,30,804,503,433,201,22,229,2167,418,224,875,7773,1861,4446,187,9,2,0
70,Sodium stearoyl fumarate,45661,366,902,663,26,1310,146,395,743,470,54,401,28,989,614,483,243,25,263,2491,660,253,978,8687,2325,5298,220,7,0,3
71,sodium thiosulfate,40629,326,737,542,26,1191,127,446,630,428,47,340,15,776,640,454,305,27,253,3286,409,245,779,7832,1801,4686,207,7,0,2
72,Pectin,77083,894,1255,1610,42,2251,241,487,1224,605,289,476,115,1360,841,625,1406,497,525,4800,881,555,3709,14052,4668,9087,335,30,2,0
73,Bleached starch,12316,99,245,242,7,396,45,90,176,177,20,126,14,294,123,111,86,14,124,684,197,68,365,2237,765,1564,43,9,0,1
74,Ammonium phosphatides,40980,277,710,515,21,1380,156,381,671,433,51,367,26,899,518,409,216,27,267,2261,330,217,833,9718,1897,4097,186,5,1,0
75,Peonidin,200000,4453,22179,24430,615,16130,4269,5243,8320,8500,4021,8780,1811,23346,4659,5786,7082,1314,9066,33101,12691,3052,26385,78817,71282,103572,2150,127,4,5
76,Bone phosphate,32628,204,559,395,15,1150,87,322,589,348,41,303,19,657,422,334,169,13,174,1743,309,151,601,8012,1534,3096,124,9,0,0
77,Paprika extract,200000,1713,4324,3663,158,7061,803,2010,3711,2360,348,1993,183,4716,2627,2623,1478,184,1681,13344,2199,1763,6558,43642,10783,29492,1205,57,7,2
78,Sodium adipate,51838,348,869,694,27,1573,184,414,820,569,61,473,37,1012,658,500,285,50,328,2806,487,276,1193,10561,2405,5515,223,10,2,1
79,Ammonium sulphate,51149,379,863,795,28,1663,182,403,782,544,40,419,23,939,721,544,315,26,339,3019,482,337,1082,10280,2286,6147,232,6,1,0
80,Tara gum,57318,459,1031,722,33,1661,179,499,914,632,61,502,22,1125,822,568,247,32,320,3099,538,377,1140,11061,2610,6519,265,9,1,0
81,Anoxomer,76314,591,1480,959,35,2150,242,617,1170,830,92,674,58,1570,1054,793,354,35,437,4225,645,452,1623,14377,3378,9427,320,12,3,0
82,Sodium ascorbate,101897,950,2260,1993,64,3232,384,898,1547,1114,171,915,88,2272,1205,1019,838,72,792,5717,1098,655,2682,18937,5815,13829,543,12,8,2
83,Disodium citrate,73472,569,1359,985,40,2168,246,587,1131,800,77,676,42,1389,941,737,361,45,451,4060,754,463,1470,14835,3330,8762,356,15,0,1
84,Riboflavin,200000,3296,6646,5568,294,10120,1103,2811,5653,3760,571,3058,288,7212,4362,3419,2333,332,2108,20855,3628,2127,9721,67023,17318,40738,1644,54,8,4
85,Amaranth,200000,2047,4664,4198,156,6427,767,1805,4286,2706,295,2324,184,4869,3183,2286,1399,132,1658,13385,2249,1840,6173,41200,12018,30604,1296,50,4,2
86,Glycerol esters of wood rosin,52242,419,939,730,36,1548,175,428,807,512,53,446,24,995,586,509,262,35,283,2917,489,365,1155,9767,2390,5995,264,9,1,0
87,Mannitol,87389,1241,1555,3304,41,2362,248,1414,1368,922,905,1240,411,1759,1198,694,1166,108,823,6355,960,619,3353,14294,4777,13661,527,21,12,12
88,Ammonium carbonates,61816,429,1188,1084,36,1543,216,402,743,553,61,474,41,1098,602,474,331,47,399,4001,795,405,2248,9553,3497,7369,296,6,1,1
89,Aluminium sodium sulphate,49880,485,914,714,43,1610,176,440,821,557,54,435,45,1054,584,538,258,38,348,2887,501,318,1165,10870,2517,6277,256,17,2,1
90,Ammonium alginate,58657,511,1048,887,37,1765,183,448,911,668,50,521,38,1170,699,585,306,40,357,3288,543,339,1255,11077,2740,7073,278,8,1,1
91,Ammonium polyphosphate,46371,379,943,633,28,1371,174,419,723,494,58,381,37,990,583,504,202,28,289,2486,449,277,1039,8781,2291,5518,195,4,1,0
92,Thaumatin,22995,157,368,331,20,732,97,181,363,240,43,222,22,493,347,236,124,17,140,1387,232,110,453,5054,1291,2289,104,3,2,0
93,Monopotassium citrate,62530,440,1112,815,31,1938,225,501,929,598,79,513,38,1219,697,669,296,29,345,3343,608,317,1732,13009,3197,7083,242,7,1,1
94,Polyglycitol syrup,18449,92,271,218,7,667,82,180,345,178,31,172,18,416,240,212,84,11,125,888,185,81,362,4772,822,1613,51,2,0,0
95,Acetylated distarch glycerol,11034,71,237,169,6,315,33,87,173,122,28,125,8,262,113,117,75,12,97,652,145,60,320,2010,682,1402,39,1,0,0
96,Dicalcium diphosphate,53436,438,945,962,47,1786,214,498,884,588,61,454,58,1145,631,507,322,43,380,3435,470,321,1474,13087,2396,6132,277,11,1,0
97,Hydroxy propyl distarch glycerine,11520,101,281,181,8,338,47,135,160,109,27,110,14,280,131,205,85,12,97,678,209,76,351,2142,925,1507,51,3,0,0
98,Pectins,72301,846,1199,1365,41,2163,240,481,1227,593,235,468,100,1328,799,625,1015,340,496,4429,838,524,3205,13962,3711,8580,322,25,1,0
99,Extracts of rosemary,47643,400,868,651,27,1608,167,396,801,536,65,479,32,1067,626,443,240,31,285,2556,420,243,1114,10973,2112,4810,211,7,0,0
100,E101a food additive,200000,3125,6453,4969,288,9753,1045,2785,5605,3685,498,3021,273,7075,4311,3384,1942,294,2129,19858,3478,2047,9187,65453,16752,38616,1522,52,8,5
101,Advantame,20734,131,353,267,6,695,82,202,349,184,36,195,10,458,284,199,98,10,134,1026,204,103,364,4703,923,1938,75,2,9,0
102,Monosodium tartrate,73136,574,1387,1064,41,1969,240,586,1100,823,80,642,52,1469,898,727,378,39,470,4159,847,458,1635,13101,3680,9110,342,18,0,1
103,Calcium benzoate,112910,1133,2178,1692,80,3118,388,983,1634,1232,137,968,75,2340,1335,1182,646,61,685,6449,1031,778,2495,21231,5408,13967,553,14,1,0
104,Dipotassium guanylate,28313,182,476,309,21,984,134,264,596,255,36,253,10,627,323,267,126,16,157,1527,279,156,615,6669,1302,2615,95,4,0,0
105,Natamycin,105747,932,2154,1713,57,2891,369,813,1533,1157,168,894,80,2231,1254,949,669,108,731,7273,1096,660,2464,18257,5305,13762,552,19,1,1
106,Magnesium trisilicate,40353,297,679,510,23,1285,121,305,629,386,41,331,22,778,503,400,167,14,221,2156,352,226,915,8381,1676,4411,214,10,0,0
107,Ethyl methyl cellulose,54962,424,1115,892,43,1562,190,400,803,553,56,476,34,1030,702,518,391,47,351,3329,534,334,1475,9785,2728,6541,276,11,0,1
108,Metatartaric acid,67718,449,1224,918,39,1888,227,526,988,719,86,584,38,1260,861,700,329,45,448,3803,560,398,1294,12446,2982,8026,323,15,0,1
109,Silicon dioxide,88968,748,2057,2678,54,1512,225,469,834,540,94,432,53,1745,758,684,603,38,374,6557,624,736,18300,10948,3651,13365,408,22,0,3
110,Triphosphates,62704,692,1256,1030,26,1841,225,491,989,642,91,519,34,1264,697,631,465,41,459,4226,836,373,1539,11808,3422,8337,318,15,1,0
111,Pelargonidin,200000,4457,22183,24463,621,16143,4271,5244,8323,8508,4026,8784,1811,23343,4662,5787,7119,1316,9079,33125,12672,3052,26389,78808,71365,103603,2150,127,4,6
112,Vegetable carbon,166140,1398,3152,2433,245,4828,568,1234,2413,1898,234,1395,142,3405,2285,1615,851,108,1112,8699,1604,1267,3648,29959,8658,20234,794,31,2,1
113,Ponceau 6R,200000,2983,12480,13100,335,11855,2506,3616,6434,5321,1863,5030,952,13096,3832,3992,3842,661,5099,21519,7541,2073,14926,61535,40060,61896,1483,75,3,3
114,Litholrubine bk,200000,2133,3900,4401,214,7912,927,1900,4128,2249,354,1797,245,5227,2379,2151,1905,219,1903,14257,1861,2411,7078,46326,10093,35955,1281,71,6,0
115,Sodium orthophenyl phenol,84732,589,1696,1280,66,2718,292,670,1318,885,124,781,66,1812,975,813,538,50,573,4822,803,446,1789,18208,4147,9206,370,10,1,1
116,Agar,142605,2832,6049,3330,68,1894,220,609,818,1001,161,718,99,2538,1018,689,1937,110,592,30589,1369,744,4225,15875,9306,22127,1097,25,9,7
117,Desconocido,58616,478,1133,876,46,1679,181,478,914,618,70,518,40,1207,728,531,326,35,381,3222,523,362,1187,10314,2765,6917,250,8,0,0
118,Ethyl cellulose,41481,255,638,536,20,1395,143,335,655,399,54,355,24,804,503,448,265,24,215,2404,382,247,1385,9506,1815,4061,151,7,0,0
119,Triammonium citrate,68652,451,1111,1130,36,2073,212,530,1108,669,82,556,37,1256,774,612,450,52,453,3663,586,445,1918,14781,3039,7455,236,12,1,1
120,potassium lactate,56976,412,1023,793,35,1780,207,501,982,629,70,553,37,1220,712,597,365,30,332,3075,608,308,1165,11722,2907,6251,225,10,0,0
121,Boric acid,70534,609,1488,1286,42,2097,259,600,1085,653,93,558,74,1494,949,666,428,51,491,4532,756,458,2414,12781,4423,9704,283,11,1,0
122,Propane-1‚2-diol esters of fatty acids,45906,345,899,665,31,1341,155,351,710,433,53,380,34,934,553,454,263,35,294,2604,450,300,972,8559,2250,5364,193,6,1,0
123,Potassium gluconate,40271,322,800,556,23,1239,159,334,583,415,62,348,22,795,496,441,217,24,270,2194,441,250,886,7434,1980,4988,181,3,0,0
124,Calcium ferrocyanide,31677,237,537,389,22,1028,113,273,529,287,29,247,10,696,437,341,158,26,171,1898,285,154,705,6870,1425,3072,138,2,0,0
125,Azodicarbonamide,24088,183,440,312,14,771,100,235,377,253,37,200,12,582,275,279,114,16,145,1351,277,134,503,5371,1345,2489,112,4,1,1
126,Potassium hydrogen sulphate,61702,523,1156,897,41,1785,197,500,932,577,74,461,38,1151,815,638,339,36,373,3579,587,439,1687,11775,2975,7424,298,10,2,0
127,Sodium phosphates,69355,520,1264,966,33,1831,231,595,1045,807,82,613,47,1314,1006,710,370,43,415,4071,707,413,1468,12192,3149,8867,338,15,3,1
128,Fatty acid methyl ester,43820,406,743,515,21,1711,171,355,677,373,47,356,26,776,626,416,182,21,271,2190,400,264,771,12059,1962,4075,186,4,0,0
129,D-Maltitol,23507,142,348,286,9,743,86,190,405,221,29,224,16,474,249,218,124,17,126,1144,218,111,526,5174,1026,2109,91,6,1,1
130,Hydrogen,200000,11308,15034,107521,499,5438,1269,2270,4412,3435,998,2115,593,7982,2672,1977,22012,1488,11082,134503,10452,6443,65953,16357,40560,117307,4067,146,18,24
131,Calcium disodium ethylenediaminetetraacetate,63186,477,1119,863,30,1799,196,501,949,684,62,577,40,1239,770,610,320,42,387,3458,562,427,1317,11492,2659,7440,273,11,1,0
132,Ascorbyl stearate,62135,400,1121,1007,46,1937,230,520,1024,678,95,543,59,1420,792,553,354,51,420,3504,552,325,1488,12576,2973,7455,283,14,0,0
133,Orcein,113585,842,2491,1646,315,3511,395,954,1846,1259,169,1057,105,2818,1486,1157,581,86,841,6235,1505,612,3061,23523,7232,14182,492,24,4,0
134,Propyl para-hydroxybenzoate,93065,769,1719,1425,69,2800,341,807,1428,1157,148,930,83,2023,1063,1013,454,69,612,5483,899,598,2171,19267,5033,10831,427,17,0,0
135,L(+)-tartaric acid,55300,399,898,779,35,1599,204,419,865,561,72,488,38,1167,649,507,319,39,342,3061,498,355,1216,11308,2486,5814,215,12,2,0
136,Potassium silicate,61276,514,955,1020,34,1789,196,467,880,516,60,487,29,1052,582,513,384,35,370,3265,600,355,2104,12652,2702,6297,268,20,3,1
137,Biphenyl,146182,1806,4024,5197,291,4160,725,1419,2653,1522,250,1159,118,2828,1476,1445,6761,141,1722,11237,1930,1455,4554,25257,9345,24737,1298,76,12,3
138,Azodicarbonamide and Carbamide,23958,173,414,304,12,770,100,235,377,252,37,200,12,582,265,279,110,16,145,1285,275,133,487,5368,1343,2474,111,4,1,1
139,concentrated tocopherol,87086,988,1819,4291,60,2973,359,620,1312,960,142,708,83,1828,1018,813,2960,64,784,5445,827,759,2468,14696,4392,13306,604,15,1,0
140,Cellulose,169069,1131,2371,2822,63,2794,318,752,1138,732,480,538,139,2033,1403,942,2376,586,697,14108,2094,1173,15619,15197,8063,23338,503,146,3,1
141,Rebaudioside from multiple gene donors expressed in Yarrowia lipolityca,29941,176,612,404,11,1002,150,313,483,261,48,264,52,647,320,329,170,34,139,1967,289,190,654,7264,1435,2750,104,2,2,0
142,Propane,29826,475,769,629,60,798,164,213,405,248,45,240,15,493,284,246,252,21,192,2067,352,231,1138,5104,1418,4038,157,7,0,1
143,Plant carotenes,200000,2113,4698,7771,169,7554,895,2030,3744,2429,385,2041,190,4864,2717,2646,5437,211,2171,15901,2637,1925,8045,44947,19876,31834,1347,78,6,3
144,Disodium inosinate,39599,312,685,575,20,1283,141,336,677,378,58,298,24,770,475,410,247,24,233,2212,416,206,873,8893,1734,4084,164,4,0,1
145,Mineral oil medium viscosity,27542,214,463,520,15,868,135,222,403,257,47,247,19,598,262,273,168,20,169,1554,285,134,789,5483,1372,2822,128,3,1,0
146,Sodium propyl para-hydroxybenzoate,110406,943,2125,1508,65,3010,347,806,1580,1280,136,1121,65,2217,1455,1101,564,64,684,6044,1103,716,2715,19838,5518,13776,535,12,1,3
147,Chlorine dioxide,22013,187,386,431,18,719,110,211,356,168,34,192,14,518,230,195,212,12,91,2365,190,108,412,5267,989,1948,76,2,0,1
148,Dimethyl dicarbonate,79435,518,1485,1306,61,2697,313,715,1199,986,137,882,59,1924,945,738,492,54,597,4431,788,450,1859,17001,4235,9317,287,16,1,0
149,Calcium hydrogen malate,55746,390,913,849,19,1819,171,482,892,596,86,544,33,1194,734,591,293,39,363,3181,445,307,1272,12519,2508,5966,221,6,1,0
150,Processed eucheuma seaweed,59588,553,1144,923,75,1798,233,452,868,625,65,490,54,1217,730,555,312,39,400,3677,524,472,1952,10126,2792,8263,292,25,0,1
151,Acetylated distarch phosphate,11055,63,176,159,6,316,36,65,190,181,22,125,8,232,115,109,62,10,59,617,159,65,360,2263,590,1152,46,3,0,0
152,Calcium sorbate,116058,1014,2401,1912,82,3351,367,892,1799,1247,168,971,83,2597,1425,1208,659,72,752,6764,1398,756,2666,21356,6363,14724,552,18,3,0
153,Sodium sulphite,128422,1018,2949,1942,100,4001,410,973,1873,1399,176,1162,94,2697,1553,1285,809,117,875,6999,1881,804,3270,24713,8183,17012,581,21,1,2
154,Talc,43718,314,916,523,25,1300,127,305,657,396,41,338,22,952,561,411,190,15,224,2372,360,238,1060,8801,1704,4700,196,10,0,1
155,Propylene Glycol,33389,361,855,571,20,796,122,323,486,354,67,233,34,580,622,278,280,24,255,2796,355,418,1465,4818,1639,6333,226,15,2,4
156,isomalt,22075,140,388,248,14,771,101,212,353,208,32,187,16,503,272,235,88,19,122,1187,258,150,380,5444,1002,2094,106,0,0,0
157,Anionic methacrylate copolymer,15486,101,321,343,8,416,47,104,182,204,24,209,16,266,132,140,157,14,167,972,244,73,506,2675,1081,1834,64,7,0,0
158,Glutamic acid,114831,937,2751,3590,57,2796,267,570,1069,6662,190,1780,101,2036,845,2943,1118,87,5739,8145,2070,1048,6620,13934,8668,38543,1375,29,5,3
159,Sorbitan monooleate,34277,223,674,426,16,1081,115,339,555,395,38,349,25,757,457,343,163,18,242,1963,424,220,866,7555,1824,3748,154,7,1,0
160,Erythrosine,198319,1559,3796,2813,121,5175,629,1509,3310,2109,226,1654,152,4047,2680,1947,969,103,1326,10949,1929,1214,4696,34112,9659,24371,804,38,4,5
161,Hydrochloric acid,59991,415,1052,994,30,1359,177,455,737,517,69,397,50,1090,733,482,408,50,570,4387,639,368,1638,8684,2393,8186,293,11,0,1
162,Formaldehyde,175979,2327,4802,3692,131,4597,594,1171,2634,1828,224,1319,205,3430,3225,1342,1344,190,1255,33356,1951,1886,5230,30088,9093,28935,1145,286,10,2
163,Sodium hydrogen malate,122800,1018,2162,2063,68,3500,523,952,1836,1214,164,1019,99,2373,1187,1066,916,116,843,8302,1134,930,4533,23785,5536,16242,592,27,4,2
164,Lecithin citrate,63853,997,2588,1352,59,1848,433,832,989,802,86,628,73,1341,690,564,472,45,584,3969,730,731,1435,11310,3357,15102,419,14,6,1
165,Carrageenan,75155,723,1513,1889,78,1937,318,487,904,718,116,595,83,2771,1026,859,1038,77,746,5914,729,651,2973,10275,3567,19549,616,6322,4,1
166,calcium lactate,71709,533,1230,951,24,1972,227,572,1099,736,94,619,48,1386,857,693,373,42,470,3981,584,441,1446,12840,3217,8844,338,13,1,0
167,Leucine,140443,1452,6693,3789,46,4292,668,849,1458,1907,303,1635,172,3758,930,1476,950,176,1752,13501,3255,1614,9287,12723,21490,41652,1006,18,3,1
168,Annatto,200000,1739,4347,3731,158,7093,808,2012,3713,2361,350,1994,184,4728,2642,2624,1520,187,1695,13396,2204,1771,6585,43661,10835,29618,1211,58,6,2
169,Magnesium diglutamate,50360,587,1049,846,81,1396,209,370,710,495,59,410,25,1023,530,459,405,33,340,3643,546,321,1461,10037,2578,6026,324,8,0,0
170,Sodium gluconate,31611,227,512,476,15,1007,120,294,529,283,45,246,25,688,381,295,204,40,199,2679,337,179,684,6790,1554,3218,127,8,1,2
171,Basic methacrylate copolymer,200000,53552,117232,174063,3266,140766,24086,26601,26991,49539,18312,25678,7284,82359,29645,29921,77952,23677,62207,200000,90438,50334,200000,200000,200000,200000,35259,2296,164,117
172,Hydroxypropyl distarch phosphate,8655,65,179,155,5,264,29,77,109,88,13,79,8,212,74,81,48,10,78,468,124,57,289,1588,544,1007,33,2,0,0
173,Polyglycerol polyricinoleate,36855,258,642,562,27,1203,126,275,588,353,58,320,24,751,398,342,244,22,214,1945,410,200,863,7949,1846,3784,126,7,0,1
174,Trisodium phosphate,69535,522,1265,972,33,1831,231,594,1044,807,82,613,47,1314,1006,710,394,43,415,4173,710,413,1477,12189,3154,8875,339,15,3,1
175,Orange GGN,200000,2423,5810,4866,220,8905,1032,2464,5130,3172,451,2550,244,6458,4064,2971,1694,241,2250,16663,3434,2991,11197,55656,17232,39604,1217,47,4,2
176,Spiramycin,61303,407,967,785,39,2075,250,627,993,658,74,632,44,1436,700,654,294,31,470,4892,618,397,1536,15946,2905,6467,295,13,4,0
177,Sulphuric acid,70207,1562,1412,987,43,1666,218,489,849,602,136,488,44,1220,765,604,376,60,369,4421,857,469,2610,11241,3047,7977,309,7,4,1
178,ammonium malate,65250,551,1238,925,44,1849,228,531,985,731,86,602,42,1261,831,664,336,23,416,3769,522,390,1338,11597,2795,7946,284,16,2,1
179,Tragacanth,65523,517,1285,956,32,2124,242,540,979,705,105,609,49,1406,796,678,346,45,445,3703,606,418,1632,13109,3289,7669,276,11,1,0
180,Pullulan,12564,81,231,201,3,348,37,80,158,135,25,107,9,234,177,103,227,24,88,886,162,137,822,2049,796,1599,53,2,0,0
181,Monopotassium glutamate,31537,193,521,354,23,1142,127,276,569,280,33,246,16,676,353,345,129,15,142,1579,265,159,565,8238,1298,2683,127,2,0,0
182,Helium,39236,297,523,523,15,883,118,207,421,274,38,243,18,596,631,225,162,15,258,1584,305,174,970,5526,1565,4436,125,3,0,0
183,Octyl gallate,107219,897,2172,1684,56,3036,398,900,1468,1095,136,902,96,2087,1377,1056,738,73,640,6075,1067,632,2737,19449,5321,13016,485,14,2,0
184,Methyl glucoside-coconut oil ester,44564,341,857,600,25,1269,123,400,664,445,64,350,22,857,526,438,277,26,278,2525,417,229,915,8075,2079,5398,217,18,1,0
185,Sodium nitrate,109355,1079,2916,1849,70,3350,360,891,1666,1337,134,1039,71,2392,1333,1025,684,76,911,6391,1073,707,2511,20831,5404,16150,723,19,5,9
186,Dicalcium phosphate,75275,565,1318,1018,50,2260,262,590,1117,833,80,666,49,1419,1000,787,349,47,441,4244,719,426,1740,14607,3471,8985,394,12,1,1
187,Neutral methacrylate copolymer,11776,66,213,158,4,377,42,60,128,126,29,130,6,224,130,142,53,15,76,589,158,59,372,2114,749,1389,39,0,2,0
188,Mineral oil high viscosity,35125,321,890,689,30,1005,183,241,418,290,54,261,23,744,395,353,328,31,199,2036,320,172,1154,5923,1568,4498,164,7,1,0
189,Zinc acetate,67248,521,1286,1070,31,2110,250,574,996,529,77,503,62,1375,652,613,357,55,402,3501,782,484,2788,14355,3696,8745,283,10,1,0
190,Sodium ferrocyanide,46661,337,811,652,21,1407,142,329,718,424,55,354,34,941,525,554,240,36,286,2536,392,307,1145,8828,2095,5020,178,9,3,0
191,white and yellow beeswax,54313,402,902,1128,55,1705,208,385,755,556,93,501,42,1195,440,470,488,53,497,3745,571,311,1742,11229,3371,6978,246,50,0,0
192,Oligoesters of sucrose type I,49587,389,2005,788,29,1638,153,411,870,467,85,387,34,1020,582,479,262,24,387,2798,521,282,1286,9254,2789,6539,248,15,1,0
193,Dehydroacetic acid,93924,783,1875,1373,50,2388,318,683,1361,1053,109,758,55,1758,1078,858,464,51,605,5592,935,709,2356,15545,4725,13592,503,20,1,1
194,Polyoxyethylene sorbitan monostearate,56774,439,1293,871,31,1579,150,417,784,575,47,478,29,1065,637,555,320,25,331,3245,611,411,1317,10165,2983,7191,246,9,0,1
195,Copper complexes of chlorophyllins,188386,1721,3720,2799,112,6001,633,1567,3099,2138,254,1788,151,3977,2757,1931,1092,132,1270,10315,2229,1176,4486,37227,10170,23017,903,41,1,1
196,ammonium persulfate,27011,184,434,353,19,917,107,255,396,258,33,255,18,581,359,348,140,17,134,1524,274,126,734,6122,1297,2557,100,7,0,0
197,Partially hydrolyzed lecithin,61468,465,1036,880,35,2129,241,541,1066,656,89,576,49,1252,754,575,351,51,371,3342,549,338,1319,13788,2705,6301,235,16,0,4
198,Monopotassium phosphate,77229,559,1288,1144,43,2392,244,620,1293,873,244,703,45,1497,887,709,471,59,513,4291,827,520,1870,16724,3477,8359,289,11,1,0
199,Alitame,20010,125,349,384,9,753,95,196,356,210,36,188,21,502,216,222,154,18,147,1136,187,112,441,4715,967,2226,103,5,2,0
200,Cross-linked sodium carboxymethylcellulose,40094,365,1147,705,26,1163,126,299,596,389,61,328,55,879,463,372,240,27,230,2263,490,300,1161,7829,2715,4891,274,9,0,0
201,Calcium formiate,78453,571,1579,1217,52,2302,325,640,1270,883,124,715,51,2043,955,808,389,45,511,4271,713,510,1638,15244,4043,9057,312,14,0,2
202,Stearyl citrate,35123,220,617,414,13,1111,115,298,566,344,53,299,15,738,407,318,145,16,198,1768,380,183,714,7772,1815,3474,125,7,0,0
203,Monostarch phosphate,10976,64,196,180,6,283,46,81,175,135,16,119,8,211,110,108,76,8,96,624,125,58,382,2253,683,1271,41,0,0,0
204,DL-Alpha-tocopherol,78793,675,1604,1329,55,2437,288,579,1224,870,124,670,72,1599,974,766,564,58,543,4675,724,556,1927,13522,4022,10847,413,11,0,0
205,Chlorophylls,200000,1725,4158,3832,165,9619,818,2834,4244,2463,249,1970,158,4719,2577,2295,1715,145,1671,12503,2376,1752,6749,49594,11592,30100,1057,51,3,0
206,Enzymatically produced steviol glycosides,29999,177,612,404,11,1008,151,313,483,261,49,264,53,647,320,329,170,34,139,1967,289,190,655,7265,1442,2751,104,2,6,0
207,Sodium acetates,78521,570,1537,1326,52,2453,240,626,1118,889,101,675,58,1527,875,708,538,171,517,5085,924,570,2049,15460,3900,10292,354,15,1,2
208,Polyoxyethylene sorbitan monolaurate,45828,378,805,582,25,1502,134,351,833,426,52,387,41,1090,546,445,218,29,249,2723,464,220,977,10515,2278,4954,219,6,0,0
209,Polydextrose,59957,574,1006,1126,40,1933,338,393,729,649,156,511,63,1116,537,451,449,232,528,4415,625,687,2351,10834,3132,8431,429,19,1,1
210,Titanium dioxide,183333,2041,3861,5083,185,4946,607,1250,2414,2070,293,1563,169,4135,2198,1847,1347,150,1139,12395,1805,1282,15753,32898,10658,24912,815,42,7,1
211,Sucrose esters of fatty acids,49602,389,2005,788,29,1638,153,411,870,467,85,387,34,1021,582,479,263,24,388,2802,523,282,1288,9254,2789,6541,249,15,1,0
212,Aluminium stearate,40359,289,692,496,26,1172,149,361,577,411,70,344,36,776,507,414,184,36,270,2190,431,253,944,7941,1972,4872,182,7,2,0
213,Potassium carbonate,70602,571,1521,1347,70,2082,283,558,1030,791,100,635,87,1574,784,671,499,49,629,4041,887,415,1790,13973,4221,9257,343,31,2,0
214,Alanin,65510,469,1200,868,38,1767,230,489,948,702,86,581,48,1276,755,587,321,42,412,3699,606,377,1339,11392,2967,7857,292,18,2,0
215,Algal carotenes,200000,1720,4336,3807,160,7078,807,2010,3711,2368,349,2000,183,4723,2627,2624,1559,190,1703,13400,2213,1768,6608,43648,10909,29566,1207,58,6,2
216,ethyl acetate,31134,626,703,1768,38,744,272,134,184,280,56,180,28,434,226,196,2921,35,786,5788,553,270,928,1884,1725,6709,164,186,1,0
217,saffron,124912,991,2154,2191,115,3735,454,957,1929,1408,198,1122,83,2919,1711,1284,1061,107,1056,7377,1122,746,2806,24786,6358,14861,593,20,4,2
218,Acetic acid,167622,1555,3302,4495,130,3947,567,1035,1799,1543,870,1131,341,3146,1608,1329,2260,1568,1525,23926,2992,1550,5767,22747,10184,31158,1106,803,7,2
219,Polyoxyethylene (8) stearate,58318,394,963,795,31,1901,190,567,1011,581,55,557,25,1145,696,606,311,35,346,3128,511,321,1543,14276,2631,5879,203,4,1,0
220,Calcium dihydrogen diphosphate,178925,5293,8579,7395,422,5321,3513,1323,2923,1406,248,870,147,2948,1196,1170,1828,82,1855,18358,2883,3814,6452,26798,16885,46828,8406,45,4,2
221,Magnesium oxide,57696,414,896,945,28,1862,199,535,985,497,62,421,29,1062,588,548,393,40,345,3239,428,356,2355,12966,2252,5959,282,14,2,0
222,Triethyl citrate,9754,55,174,152,6,259,43,71,125,92,20,76,4,157,108,80,59,12,75,541,195,54,333,1696,574,1219,47,0,0,0
223,Thiodipropionic acid,48235,377,791,682,17,1449,146,338,772,548,70,418,34,992,532,450,244,41,288,2656,426,303,1138,9552,2225,5603,220,3,0,0
224,Karaya-gum,49885,344,975,732,30,1578,171,442,862,507,63,429,29,1034,653,497,301,42,304,3221,460,303,1390,10722,2284,5244,197,6,0,0
225,Calcium sulphate,45924,332,721,756,40,1360,143,414,662,421,50,339,30,801,577,417,281,36,243,2718,421,243,1371,9131,2248,4163,168,5,0,0
226,Sodium hydrogen carbonate,200000,5699,7605,11177,518,9864,2209,3105,5119,3741,647,2254,459,7621,3560,2597,4920,523,4884,35555,3672,4574,16146,64586,18526,63632,3427,264,11,8
227,Potassium adipate,64749,491,1152,886,45,1791,219,499,962,709,94,576,38,1219,842,638,373,35,398,3674,555,391,1321,11273,3050,7807,335,9,0,0
228,Carbon dioxide,200000,1057,2685,3529,72,4630,442,1082,2648,1104,148,1147,102,2995,2196,909,1840,196,1092,9671,1874,1224,6630,27045,8108,26956,929,20,3,1
229,Sodium sorbate,140257,1144,2488,1997,85,4212,496,1052,2961,1384,173,1196,73,2847,1687,1364,798,74,881,7576,1148,908,3031,27839,6455,16255,613,23,14,0
230,Microcrystalline wax,27557,214,461,520,15,868,135,222,403,257,47,247,19,597,261,273,167,20,169,1553,285,135,792,5485,1372,2824,128,3,1,0
231,Monosodium phosphate,69439,521,1264,966,33,1830,231,594,1045,808,84,616,47,1314,1006,710,373,45,416,4081,708,418,1476,12198,3151,8912,338,15,3,1
232,maltitol,23874,146,350,292,9,757,86,190,406,221,30,225,16,475,250,218,140,21,126,1160,219,113,543,5216,1033,2182,93,6,5,1
233,Sodium metabisulphite,111849,970,2231,1709,81,3125,359,829,1591,1222,166,989,86,2436,1484,1089,678,73,730,6202,1574,790,2600,19924,6766,14612,510,10,5,7
234,Acetylated oxidised starch,17722,108,232,241,8,364,37,88,187,144,41,199,21,255,113,131,140,21,82,614,304,67,325,1787,706,1502,38,1,0,0
235,Aspartame,33481,255,744,476,19,1450,187,397,604,392,76,342,31,757,375,404,168,26,223,1687,337,173,664,9248,1803,4115,163,6,193,4
236,Salt of aspartame-acesulfame,18988,100,288,207,13,763,87,167,366,175,22,181,10,426,240,201,91,10,103,932,194,98,338,5399,795,1474,71,2,0,0
237,Hydroxy propyl distarch glycerol,9809,89,225,144,3,303,48,74,175,106,31,108,13,215,100,85,55,12,61,498,121,56,291,1835,729,1178,36,1,0,0
238,Benzoin resin,19306,104,366,199,13,657,107,216,318,205,27,193,15,426,190,209,62,14,92,997,185,103,392,4604,956,1714,74,4,0,1
239,Microcrystalline cellulose,59007,462,966,824,30,1838,205,418,1034,526,132,445,55,1159,655,552,429,102,366,3642,591,366,2604,13270,2531,6018,241,17,1,0
240,Calcium lactobionate,60572,534,1174,886,59,1722,231,461,922,724,74,613,39,1222,750,596,334,40,445,3300,545,362,1333,11543,2854,7328,288,9,1,1
241,D-Alpha-tocopherol,78963,671,1591,1320,54,2448,289,585,1228,867,129,672,72,1598,978,766,532,57,544,4693,719,581,2087,13512,4022,10976,418,12,0,0
242,Steviol glycosides from Stevia,30409,194,621,418,12,1035,152,314,483,263,51,264,53,651,322,329,198,39,143,1985,292,191,677,7272,1518,2808,107,2,24,0
243,Annatto norbixin,200000,1712,4323,3664,158,7060,803,2010,3711,2360,347,1993,183,4716,2626,2623,1477,184,1681,13344,2198,1763,6559,43640,10781,29488,1205,57,6,2
244,Argon,42027,322,513,598,16,1012,140,234,443,284,60,222,13,676,284,318,183,20,269,1688,323,185,1166,6324,1221,3487,88,2,0,1
245,Desconocido,63372,451,1107,964,40,1972,218,533,1082,637,82,552,44,1216,736,650,359,40,379,3461,569,349,1731,14588,2746,6689,228,7,1,1
246,Acetylated starch,12792,119,277,211,11,360,39,108,216,148,30,125,18,302,148,134,87,21,87,841,215,92,400,2398,783,1778,40,2,0,0
247,Potassium polyphosphate,40264,287,690,544,23,1456,166,354,710,421,57,358,22,903,479,394,189,24,205,2154,421,232,867,9537,1983,4067,111,1,1,1
248,Magnesium chloride,65592,591,1504,791,44,2036,238,507,985,701,85,538,38,1528,858,702,303,54,406,3727,795,433,1464,14524,3321,7864,315,12,0,0
249,E411 food additive,74968,593,1401,985,31,2190,233,562,1185,802,93,656,41,1424,959,767,347,51,442,4100,859,502,1726,15361,4046,8977,315,14,2,1
250,Ammonium Pectate,62789,774,1114,1067,40,1945,213,472,1196,579,74,457,48,1165,738,608,379,35,413,3531,566,439,2101,13730,2808,6896,258,14,1,0
251,Mono- and diacetyltartaric acid esters of mono- and diglycerides of fatty acids,37083,266,606,525,17,1322,154,326,605,413,47,351,18,821,462,385,225,29,208,1953,364,193,729,8898,1593,3554,111,7,0,0
252,Pentasodium triphosphate,57141,416,1120,944,26,1826,219,489,975,634,91,514,32,1238,691,618,458,41,445,3312,747,297,1243,11778,3039,6941,265,15,1,0
253,Ethyl ester of beta-apo-8'-carotenic acid (C 30),200000,1712,4323,3661,158,7060,803,2010,3711,2360,347,1993,183,4716,2626,2623,1477,184,1681,13341,2198,1763,6558,43640,10781,29488,1205,57,6,2
254,Ethyl gallate,89701,775,1744,1601,89,2633,319,686,1277,952,115,741,84,1725,1124,871,770,50,657,5680,965,593,2648,16236,4406,11246,417,20,0,0
255,Steviol glycosides,30466,194,624,419,12,1040,152,314,484,262,54,264,53,651,322,329,201,40,145,1983,292,192,676,7286,1516,2803,106,2,26,0
256,Cassia gum,51439,404,941,684,20,1436,182,402,916,553,48,438,33,1010,581,573,264,30,272,2880,486,331,1076,9737,2537,6333,268,5,2,1
257,Ammonium hydroxide,44013,356,894,704,23,1385,160,375,683,432,47,366,40,958,538,384,222,21,359,2526,506,260,975,8396,2140,5306,203,4,0,1
258,Yellow 2G,200000,3007,7017,5613,296,7693,899,2233,4779,3158,417,2482,306,6796,4191,2863,1984,297,2375,20573,3637,2069,9305,47811,17496,49857,2186,42,2,1
259,Calcium salts of fatty acids,53037,395,907,801,28,1695,203,477,1036,525,69,447,46,1070,643,484,317,39,298,2996,558,318,1393,12629,2426,5850,220,13,1,0
260,Trisodium diphosphate,178201,5285,8556,7318,422,5315,3515,1319,2917,1406,248,870,147,2938,1193,1166,1826,82,1841,18212,2875,3811,6393,26794,16848,46575,8386,45,4,2
261,Calcium polyphosphate,30774,206,484,326,12,993,110,271,535,321,35,281,18,620,426,314,141,19,158,1683,286,157,591,7109,1320,2946,123,4,1,0
262,Alpha-tocopherol,132307,2314,3221,18246,96,6375,1236,1131,2137,1748,233,1130,116,3165,1489,1081,14196,112,2484,8760,1442,1172,4154,21782,6506,28142,1594,41,4,7
263,Acid-treated modified starch,13472,100,264,278,7,398,52,83,229,180,46,182,8,311,183,151,101,16,117,727,152,56,369,2768,846,1540,52,1,0,0
264,Sucrose acetate isobutyrate,43932,309,735,575,47,1295,150,373,687,441,50,349,35,840,490,403,197,17,202,2159,418,255,1213,8605,2572,5260,177,3,0,0
265,Carbamide,162685,1496,2754,9290,52,5184,1680,14690,1759,1003,419,791,177,5718,1103,1153,2805,381,1406,15248,2225,1528,5979,18931,8606,38687,1168,49,8,19
266,Distarch glycerine,12785,91,293,192,12,427,35,85,202,118,26,141,10,273,155,122,90,16,84,694,168,66,328,2475,929,1655,53,0,0,0
267,Potassium citrates,66178,461,1132,916,31,2027,226,573,995,605,81,517,42,1241,711,679,393,32,384,3733,660,330,1896,13438,3273,7829,281,7,2,2
268,Sodium hydrogen sulphate,46306,457,878,636,26,1698,197,437,738,484,65,422,24,1133,693,457,236,28,295,2611,424,263,990,11199,2156,4775,177,6,1,0
269,Modified Starch,200000,23948,56103,44976,1699,99260,11190,27654,53599,34367,5885,28947,3361,67519,35316,31231,18338,3624,21882,180789,30625,22277,75775,200000,153077,200000,12588,565,47,17
270,Indigotine,175611,1198,3212,2546,113,5325,577,1625,2985,1944,256,1700,152,4117,2672,1758,1028,152,1221,9915,2051,1059,4051,35570,9189,19870,748,33,5,2
271,potassium iodate,27483,172,449,331,13,986,128,249,423,284,38,280,9,601,319,307,134,10,155,1573,288,162,541,6524,1286,2536,121,3,0,0
272,ammonium fumarate,51770,356,877,671,28,1502,169,426,783,534,112,490,35,1062,596,551,262,46,336,2854,486,287,1158,10114,2641,5358,212,6,1,1
273,non-amidated pectines,62747,774,1114,1067,40,1945,213,472,1196,579,74,457,48,1165,738,608,378,35,413,3530,565,437,2097,13730,2805,6894,258,14,1,0
274,Tetrapotassium diphosphate,178162,5286,8556,7317,422,5315,3513,1319,2917,1405,248,870,147,2936,1194,1166,1826,82,1839,18208,2875,3811,6391,26799,16848,46559,8386,45,4,2
275,Isopropyl citrates,53014,367,984,653,53,1706,177,381,811,595,65,467,33,1065,591,468,246,51,299,3061,594,296,1170,10764,2994,5791,215,7,1,0
276,Calcium sulphite,91199,707,1841,1623,75,2478,279,661,1208,969,131,773,75,1792,1008,731,591,101,579,4952,947,573,2578,16409,4876,10043,344,13,2,1
277,Nitrous oxide,46289,218,433,480,11,883,132,286,896,504,45,289,15,577,382,246,167,17,282,1410,228,251,527,9462,1303,3468,570,6,0,0
278,Propionic acid,118750,1332,2970,2713,85,3532,503,883,1674,1570,747,1121,299,2624,1232,1078,1082,1326,1417,8470,1711,1136,4709,20212,7658,20779,728,30,3,3
279,Sodium salts of fatty acids,52993,395,907,801,28,1691,203,477,1036,525,67,447,46,1070,644,484,317,36,298,2994,558,318,1393,12626,2426,5851,220,13,1,0
280,Dimagnesium phosphate,72181,608,1253,948,41,1942,242,567,1066,928,76,713,48,1350,841,680,365,35,599,4144,767,441,1495,12611,3302,9828,475,17,0,0
281,Ethyl maltol,34287,266,632,459,17,1119,120,301,551,354,41,301,26,755,380,394,222,42,218,1860,390,211,731,6972,1646,3704,148,1,1,0
282,Sodium tartrates,74319,576,1405,1093,42,1975,241,590,1110,826,81,644,55,1488,900,730,404,39,487,4323,858,465,1698,13150,3733,9397,361,20,1,1
283,Carnauba wax,33397,379,632,812,26,1151,157,302,442,350,72,316,27,886,337,363,337,30,268,2591,360,178,869,6623,1972,4505,166,22,1,0
284,L-cysteine hydrochloride monohydrate,44990,849,1521,4707,24,1575,357,597,733,551,87,386,59,1391,461,427,1594,27,761,5469,6653,401,2283,9405,3564,8159,438,14,1,1
285,chloropentafluoroethane,22728,129,382,276,13,781,94,235,359,244,34,239,10,489,269,235,114,15,118,1206,219,134,434,5319,1074,2188,90,1,0,0
286,Konjac glucomannan,62112,473,1114,938,29,1772,215,471,926,612,108,496,45,1139,900,568,520,102,360,3659,686,431,1768,11435,3042,7513,296,14,1,0
287,Alkaline sodium aluminium phosphate,44516,287,723,533,27,1461,138,361,762,489,49,428,26,881,544,438,214,30,274,2345,382,242,884,10040,1967,4810,191,6,0,0
288,Citric acid,124427,913,2382,3116,78,3780,423,1159,1746,1082,224,853,105,2346,1261,992,1676,167,1038,9072,2279,848,5939,20302,7310,19153,748,50,3,7
289,Nisin,83069,547,1722,1494,61,2543,315,692,1233,910,119,718,70,1817,942,763,1027,75,558,7057,860,476,2014,16058,5159,9953,450,10,2,2
290,Hydroxypropyl methyl cellulose,51625,382,987,756,22,1404,138,338,620,449,60,388,51,965,478,410,270,37,257,2619,593,306,2104,8885,3651,6016,190,6,0,0
291,pectin amide,62748,774,1114,1067,40,1945,213,472,1196,579,74,457,48,1165,738,608,378,35,413,3530,565,437,2097,13730,2805,6894,258,14,1,0
292,sodium erythorbate,64404,469,1082,899,37,2067,224,584,1008,662,97,588,58,1387,888,681,393,47,391,3583,547,364,1450,13318,2912,7079,261,9,1,0
293,hemimorphite,37549,287,710,450,15,1113,106,339,593,398,43,350,24,760,481,391,161,23,180,2022,341,238,721,7414,1643,4221,171,4,0,1
294,Ethoxylated Mono- and Di-Glycerides,37477,280,640,505,17,1084,111,280,592,348,41,300,27,744,395,357,188,17,231,2065,344,239,1049,7465,1874,4976,176,5,1,0
295,Alpha-Cyclodextrine,50478,390,890,688,27,1434,142,403,719,497,50,387,29,992,617,480,268,29,293,2802,431,342,1184,9097,2401,5866,225,5,2,1
296,Tripotassium phosphate,77168,558,1286,1143,43,2392,244,620,1293,873,244,703,45,1497,887,709,467,59,512,4282,826,519,1870,16722,3476,8351,289,11,1,0
297,Indanthrene blue RS,200000,1813,4714,3931,149,9129,833,2625,4376,2606,315,2126,167,5712,3133,2283,1405,176,1890,13816,2317,1786,7226,49728,12409,31667,1209,63,3,1
298,Sorbitol syrup,73993,619,1361,1278,58,2566,254,578,1214,676,107,592,42,1464,829,647,511,70,432,4364,644,430,2400,17473,3065,7508,324,25,2,1
299,calcium propionate,72490,626,1498,1221,45,2330,279,554,1166,750,108,604,46,1672,899,685,455,53,513,4146,822,435,2494,14851,4509,9922,321,17,0,2
300,Dichlorodifluoromethane,30441,174,451,388,24,926,113,241,428,243,42,262,22,618,318,280,138,21,198,1718,295,171,1566,6968,1443,3565,162,12,0,1
301,Tartaric acid esters of mono- and diglycerides of fatty acids,37082,266,606,525,17,1322,154,326,605,413,47,351,18,821,462,385,226,29,208,1953,363,193,729,8897,1593,3554,111,6,0,0
302,Ammonium polyphosphate,40175,282,685,538,23,1454,166,352,707,422,57,358,22,902,477,394,184,24,204,2104,415,232,861,9519,1973,3979,107,1,0,0
303,Mono- and diglycerides of fatty acids,48783,417,855,555,24,1515,152,394,785,522,56,473,22,990,605,489,257,26,281,2681,448,272,967,10529,2072,5422,215,8,2,0
304,Hexamethylene tetramine,96420,821,1770,1498,66,2607,312,879,1365,1063,107,830,51,1803,1201,901,561,59,653,6742,806,716,2111,16294,4687,12758,481,14,2,0
305,E571,41850,275,866,481,17,1420,147,377,794,431,63,397,32,950,576,412,190,19,271,2208,362,260,966,9481,1986,4873,260,4,0,0
306,Enzymatically hydrolysed carboxymethylcellulose,44909,355,820,614,27,1285,151,348,742,485,52,368,41,890,581,478,212,25,289,2446,429,288,857,8462,2072,5323,197,11,1,0
307,Cholic acid,200000,3734,4882,5971,432,7490,1500,2114,3237,2592,609,1640,271,6378,2817,2288,2712,344,2504,22704,2445,2401,11823,65834,12654,38147,1847,111,9,5
308,Aluminium,154947,1353,2786,2648,97,4007,487,1209,2113,1984,182,1447,104,3269,2227,1595,1078,97,1127,8642,1418,1078,4136,26612,7696,20355,798,44,2,1
309,Sodium tetraborate (borax),89213,840,2021,1625,67,2565,302,654,1325,907,101,709,61,1891,1101,870,496,51,663,5261,979,614,2772,15027,5315,13414,447,20,3,0
310,Riboflavin,200000,3296,6646,5568,294,10120,1103,2811,5653,3760,571,3058,288,7212,4362,3419,2333,332,2108,20855,3628,2127,9721,67023,17318,40738,1644,54,8,4
311,Polyvinyl alcohol-polyethylene glycol-graft-co-polymer,12783,118,282,253,12,381,76,76,254,128,27,105,11,259,136,121,79,10,87,694,242,65,389,2277,760,1615,43,4,0,0
312,Ammonium carbonate,47293,349,1033,742,31,1467,185,355,729,540,57,459,34,1073,570,455,258,22,365,2655,625,298,1003,9166,2693,5859,212,6,0,1
313,Potassium hydrogen carbonate,69679,567,1514,1331,70,2080,282,558,1028,788,100,634,86,1571,783,670,481,48,626,3942,846,406,1745,13960,4212,9171,334,30,2,0
314,Brilliant blue FCF,199354,1485,3723,2799,154,5330,599,1640,3273,2156,285,1664,148,4241,2751,1991,1019,178,1355,11067,1859,1227,4892,35613,10235,24893,923,34,3,3
315,Potassium acetate,95944,753,1879,1435,58,2906,310,818,1453,1032,112,861,53,1916,1176,973,521,55,596,5636,960,668,2282,18402,4352,13167,478,18,1,0
316,Polyoxyethylene (40) stearate,61188,752,1194,810,31,1842,226,509,990,584,60,545,39,1174,726,592,317,35,385,3456,658,446,1488,12230,2980,7623,309,10,2,0
317,Synthetic wax,27532,214,461,520,15,867,135,222,403,257,47,247,19,597,261,273,167,20,169,1554,285,137,786,5480,1373,2820,128,3,1,0
318,Astaxanthin,161148,1542,2778,3163,88,4966,574,1307,2372,1897,249,1485,126,3488,2134,1656,1588,113,1221,8927,1425,973,3686,31785,7860,19966,746,44,4,1
319,Calcium citrates,95888,802,1980,1630,45,2717,333,960,1359,1020,118,875,73,1933,1031,915,529,73,666,5445,1086,647,2768,16585,5228,13487,517,17,2,0
320,Acetylated starch,13529,110,238,204,3,394,50,107,194,152,25,154,13,290,155,128,98,17,122,736,279,86,461,2626,755,1670,65,1,0,0
321,Potassium salts of fatty acids,52993,395,908,801,28,1693,203,477,1036,525,67,447,46,1070,643,484,317,36,298,2993,558,318,1393,12626,2426,5851,220,13,1,0
322,Bentonite,37415,260,665,677,17,980,148,250,522,296,49,252,33,700,420,348,222,30,171,2389,285,183,1715,6763,1495,3524,149,8,1,0
323,sodium dodecyl sulfate,90530,732,1735,1619,37,1606,197,587,745,655,83,444,65,1254,1595,727,572,59,432,7053,1134,920,3771,8819,5294,17520,371,19,3,1
324,Candelilla wax,26986,229,419,513,17,1043,127,203,410,327,55,312,16,690,276,225,207,25,213,1718,286,140,603,6088,1370,2949,104,15,0,0
325,Gamma-Cyclodextrine,36506,258,650,503,35,1154,138,331,612,387,58,316,24,783,397,443,199,15,227,1989,343,187,856,7662,1719,3911,154,10,1,0
326,Lactitol,18800,104,283,209,10,675,76,161,305,212,26,168,21,418,211,219,99,38,174,975,198,79,340,4772,822,1715,97,4,2,0
327,1‚4-Heptonolactone,200000,143889,200000,200000,9751,200000,59248,127328,200000,175260,27229,140967,21448,200000,176359,157452,110138,14088,142544,200000,191006,119886,200000,200000,200000,200000,89871,3940,318,114
328,Sodium carbonate,200000,5718,7641,11251,519,9876,2211,3112,5130,3744,647,2256,460,7625,3566,2604,5003,526,4892,35789,3710,4585,16330,64621,18619,63869,3443,264,11,8
329,Dimethyl polysiloxane,123499,1792,1905,3958,128,3298,545,708,1285,1529,224,971,100,2450,830,725,2068,220,1397,9289,1190,923,4801,19430,6802,18058,641,140,6,1
330,Potassium nitrate,86993,643,1596,1433,58,2690,317,722,1309,876,135,731,55,1920,1033,904,481,86,556,5245,955,535,2073,17817,4485,10504,369,17,1,0
331,Calcium carbonates,170920,1332,2868,2586,119,4624,580,1398,2531,1693,218,1314,92,3247,1883,1574,968,112,1029,9564,1499,1188,6047,32071,8054,21015,857,27,4,0
332,Carbomer,18609,188,346,326,18,438,62,123,258,182,59,181,29,364,232,176,132,96,125,1274,232,121,629,3101,1218,3461,89,5,0,0
333,Starch sodium octenyl succinate,12757,168,362,194,15,381,54,71,214,118,29,96,5,230,92,107,75,12,91,679,186,80,427,2313,823,1615,47,0,0,0
334,Nicotinic acid,89278,929,1704,1405,49,3144,381,707,1227,1128,136,930,63,1604,1027,873,589,77,623,8630,1150,706,2013,14505,4570,12539,646,17,1,1
335,Copper complexes of chlorophylls,188389,1721,3720,2798,112,6001,633,1567,3099,2138,254,1788,151,3977,2757,1931,1092,132,1270,10315,2229,1176,4486,37227,10170,23018,903,41,1,1
336,Potassium propionate,86898,818,1960,1458,36,2418,309,664,1321,903,123,720,70,1865,1057,886,479,57,585,4997,875,557,2578,14835,5181,12693,372,11,1,0
337,E638,27828,492,481,341,8,796,98,277,486,277,33,214,15,548,346,261,118,18,159,1451,300,124,553,6027,1370,2577,108,6,1,1
338,Malic acid,69561,503,1261,1453,48,2039,277,591,1037,752,101,578,57,1439,799,611,707,78,530,4521,841,382,2140,12630,4094,8825,314,19,6,0
339,Gold,200000,3076,6080,7212,167,8843,1808,2744,5122,4538,385,3442,200,6979,5120,6061,1752,173,2153,24327,3343,2684,54981,60068,15517,47975,1262,66,3,3
340,Dextrin,35007,371,638,649,27,1007,132,166,370,360,86,211,39,698,555,277,230,89,213,2094,433,261,1382,5093,1924,4762,160,5,0,0
341,ammonium adipate,64875,475,1166,973,27,1813,204,530,982,754,101,577,34,1364,787,657,343,57,427,3649,583,383,1400,11486,3144,8322,290,9,3,0
342,Butane,25789,241,465,321,17,796,92,217,427,238,37,215,13,531,294,244,151,24,169,1432,260,163,490,5586,1143,2613,119,4,0,0
343,Succinylated monoglycerides,37098,267,606,526,17,1327,155,326,605,413,47,351,18,821,462,385,225,29,208,1953,366,193,732,8897,1595,3563,111,6,0,0
344,Monocalcium phosphate,74474,566,1317,1007,50,2261,262,590,1117,833,80,666,49,1414,1000,787,346,48,440,4209,719,420,1598,14563,3445,8840,393,12,1,1
345,mineral oil,32134,302,807,618,20,909,173,233,413,286,49,261,22,717,381,345,220,24,187,1893,306,164,993,5779,1478,4138,154,6,1,0
346,Dimethylpolysiloxane and Methylphenylpolysiloxane,123422,1791,1904,3958,128,3298,545,708,1285,1529,224,971,100,2449,830,725,2068,220,1396,9282,1189,923,4800,19430,6801,18051,639,140,6,1
347,Brown FK,129140,845,2277,1783,126,3991,433,1147,2006,1464,238,1251,94,2825,1907,1357,655,86,814,7138,1229,758,2546,26724,6407,14732,520,17,3,2
348,Glyceryl diacetate,16171,97,323,221,11,520,45,92,183,152,32,124,11,295,159,147,96,13,118,862,199,89,357,3575,840,1863,56,1,0,0
349,Chlorophyllins,200000,1691,4127,3412,164,9600,816,2835,4244,2462,248,1969,158,4718,2577,2293,1356,141,1641,12317,2341,1740,6457,49583,11257,29895,1045,50,3,0
350,Dipotassium phosphate,77222,559,1288,1144,43,2392,244,621,1293,873,244,703,45,1497,887,709,467,59,512,4288,826,519,1872,16724,3481,8355,289,11,1,0
351,Sodium nitrite,200000,4766,7921,9413,337,10410,1929,3875,7806,3888,425,2410,317,6967,4751,2930,4154,292,4639,29717,3306,5291,11424,56330,15046,80839,3982,193,15,117
352,Lecithin,73985,542,1111,1398,39,3545,361,706,1103,741,132,631,67,1382,840,628,743,70,523,4273,668,541,3321,14346,3177,9693,325,32,0,4
353,Calcium tartrate,52730,370,848,727,38,1599,173,470,811,638,70,506,42,1003,652,538,288,31,339,2930,464,294,1146,10925,2307,5453,227,13,3,0
354,Iron oxides and iron hydroxides,113835,806,2097,2489,69,3643,357,954,1827,1217,151,1048,82,2618,1472,1167,657,68,700,6573,1098,674,2971,24605,5888,13515,523,19,1,1
355,Nitrogen oxides,33512,399,1011,1610,12,1006,130,234,541,348,50,306,14,734,460,269,674,21,2048,2110,320,249,918,6849,1228,4090,189,8,0,0
356,Calcium fumarate,64327,535,1133,868,31,1857,212,519,941,708,103,600,43,1356,821,681,316,49,415,3572,625,385,1374,11272,3096,7729,328,16,1,0
357,Sodium calcium polyphosphate,40185,286,688,549,23,1455,166,355,707,422,57,358,23,906,477,396,186,24,204,2134,416,235,859,9548,1990,4048,112,1,0,0
358,Potassium tartrates,58107,428,980,887,34,1774,185,487,873,633,76,509,39,1237,739,627,360,58,381,3540,503,391,1331,11562,2654,6272,238,7,1,1
359,Gelatine,43836,291,747,591,22,1342,152,350,632,475,45,388,33,907,544,439,274,24,251,2516,422,294,1152,9004,2044,4967,188,7,0,0
360,Ethyl p-hydroxybenzoate,93864,716,1957,1412,149,2863,343,781,1490,972,131,809,63,2145,1071,1031,500,63,614,5498,1270,593,2126,19335,5592,11111,372,21,2,0
361,Petunidin,200000,4443,22178,24416,614,16127,4267,5245,8320,8504,4022,8781,1812,23336,4659,5786,7044,1312,9053,33091,12669,3055,26373,78802,71224,103519,2148,125,4,5
362,Annatto bixin,200000,1722,4327,3678,158,7064,805,2010,3711,2360,347,1993,183,4718,2629,2623,1488,184,1683,13352,2199,1765,6563,43642,10791,29510,1205,57,6,2
363,Propyl gallate,97758,799,1768,1751,79,3014,301,840,1580,994,141,821,81,1960,1233,893,991,73,740,5673,923,665,2637,20915,4487,11465,517,21,2,1
364,Magnesium hydroxide,34930,203,601,402,11,1110,164,274,524,360,40,311,25,785,420,364,134,29,222,1928,291,232,877,7770,1607,3585,236,5,0,0
365,Citric acid esters of mono- and diglycerides of fatty acids,37082,266,606,525,17,1322,154,326,605,413,47,351,18,821,462,385,225,29,208,1953,363,193,729,8897,1593,3555,111,6,0,0
366,Ethanol,200000,2626,4564,11385,164,6769,3972,664,2477,3330,724,1355,387,3762,1286,631,7622,452,5976,111148,3201,1795,8879,14416,12963,64471,4680,330,23,2
367,Gamme-tocopherol,69919,536,1671,1399,55,2165,254,599,1041,784,231,647,162,2693,925,780,559,298,500,4154,691,413,2058,12861,3821,8108,310,5,0,0
368,Sodium bisulphite,104026,1369,3255,1961,94,3400,395,842,1670,1075,157,931,96,2214,1121,1037,715,96,751,6234,2128,694,2634,21395,6198,11909,497,22,3,2
369,Sunset yellow FCF,200000,3094,7250,6299,251,10458,1178,2869,6397,3625,454,2800,256,7499,4113,3176,2532,282,3002,20644,3566,2507,11247,63773,17592,48980,1948,96,7,5
370,Glucose oxidase,25025,217,484,3245,6,800,63,121,372,186,51,137,20,398,180,191,322,20,217,3437,310,168,3118,2565,1409,3956,126,3,0,0
371,Sodium malate,122644,1015,2161,2039,68,3499,524,954,1837,1214,164,1019,99,2373,1187,1061,909,116,843,8261,1126,930,4516,23786,5521,16213,587,27,4,2
372,octafluorocyclobutane,18345,87,269,208,12,632,74,181,307,171,27,169,12,451,222,191,80,18,96,906,161,97,319,4655,809,1460,53,2,0,0
373,Glycine and its sodium salt,43935,272,627,731,28,1543,213,429,701,414,50,418,32,929,550,568,280,30,281,2383,384,255,1066,11431,1888,4317,171,3,0,1
374,Lutein,164506,1568,2772,2885,88,5002,527,1279,2339,1808,217,1433,118,3457,2128,1659,1941,107,1075,8935,1393,1016,3655,32965,7865,19692,783,39,4,1
375,Sodium methyl p-hydroxybenzoate,101498,802,1865,1466,69,2936,331,760,1512,1186,134,906,72,2065,1199,1005,539,64,643,5996,940,661,2128,18411,5113,12826,470,21,1,0
376,Calcium Disulphite,119083,1021,2109,1866,88,3232,477,906,1768,1307,139,949,90,2253,1311,1097,802,78,802,6797,1035,1038,2890,21128,5750,15456,622,26,5,1
377,Tagatose,23016,150,390,295,10,798,74,192,408,231,36,240,19,516,264,258,103,28,139,1196,279,161,435,5390,1133,2264,83,2,3,0
378,Gum Guaicum,101079,828,1929,1449,75,3092,310,815,1552,1088,123,849,55,2033,1322,930,513,48,622,5614,909,718,2116,19992,4799,12454,492,9,0,2
379,Paraffin wax,29565,231,586,531,16,872,138,227,408,271,47,258,26,622,276,281,178,21,172,1677,303,147,889,5559,1590,3146,128,3,1,0
380,Magnesium carbonates,37219,269,681,605,34,1198,145,323,582,464,67,359,30,736,429,363,204,25,305,1902,406,187,957,7990,1837,4096,145,6,1,2
381,Choline salt,29777,241,607,472,25,779,101,174,395,330,69,276,27,518,294,309,165,32,213,1731,382,171,986,4899,1653,3546,145,9,1,0
382,Calcium alginate,50830,454,1059,1095,44,1612,223,394,767,525,68,468,29,1123,585,477,380,31,425,2968,547,283,1555,10118,2772,6048,240,16,0,0
383,Tetrasodium diphosphate,178149,5285,8556,7317,422,5315,3513,1319,2917,1405,248,870,147,2936,1193,1166,1826,82,1839,18206,2875,3812,6391,26793,16848,46557,8386,45,4,2
384,Dodecyl gallate,75605,652,1360,1044,59,2439,254,746,1319,786,114,691,91,1681,978,736,481,54,537,4520,596,432,1577,17502,3383,8227,348,11,1,0
385,Enzyme treated starch,125409,1523,2923,2654,77,869,252,358,417,984,140,357,111,1838,1729,345,997,109,599,12017,840,1056,12725,7686,4582,19732,520,43,3,1
386,Ponceau 4r,193321,1474,3835,2539,148,5353,621,1605,3179,2312,259,1807,140,4130,2719,1998,991,131,1267,10539,2169,1277,4179,36175,9872,21777,823,27,7,2
387,Monosodium glutamate,43202,346,773,719,38,1809,189,354,699,570,67,351,21,900,527,408,304,35,336,2375,386,251,936,9826,2001,5595,225,5,3,5
388,Caustic sulphite caramel,200000,4342,7762,9468,317,13073,1995,3626,6825,3835,566,2766,358,7903,4144,3379,4024,331,3819,26324,4138,4147,14102,71419,18662,60353,2825,185,9,5
389,Calcium malate,55632,389,911,814,19,1818,169,482,888,594,86,544,33,1193,734,591,287,38,359,3129,443,307,1256,12520,2507,5901,221,6,1,0
390,Ethoxyquin,63932,476,1319,952,33,1984,285,524,1045,679,86,638,56,1445,766,651,465,50,471,3609,738,323,1444,13303,3425,7407,270,13,6,0
391,Sulphur dioxide,140209,1112,2677,2431,93,4077,485,1057,2278,1362,190,1078,103,2760,2342,1243,1081,75,950,8184,1236,968,4819,28667,6353,17540,691,30,2,4
392,Calcium chloride,54824,404,1024,872,49,1290,156,388,1210,473,61,384,31,977,565,495,516,25,348,3538,501,331,1673,8190,2646,8482,441,6,1,0
393,Erythorbic acid,87959,863,1733,1427,46,2369,276,769,1296,917,110,742,77,1785,1166,844,520,60,554,5113,780,628,2155,16001,4174,11337,392,14,1,0
394,E642,27745,188,434,303,9,1087,96,285,508,270,32,241,9,606,341,297,111,7,164,1398,237,136,624,7086,1193,2519,111,8,1,0
395,Oxidised starch,9523,71,203,191,5,295,32,61,128,119,40,101,9,202,95,111,75,9,70,499,128,33,302,1731,683,1031,29,1,1,0
396,Desconocido,47500,290,740,566,30,1430,162,376,754,495,59,403,24,980,612,440,226,25,273,2528,434,253,1165,10010,2174,4846,173,9,0,0
397,Arabinogalactan,59051,435,1113,891,38,1594,205,446,887,575,82,455,49,1214,764,569,346,86,369,3394,685,352,1531,9967,3330,7534,287,8,0,0
398,Allura red,200000,1696,4124,2928,107,5734,726,1721,3368,2519,267,1953,173,4390,2945,2017,1006,117,1446,11465,2180,1278,4707,34626,10881,29803,935,32,8,1
399,Citranaxanthin,156724,1464,2640,2045,84,4720,493,1264,2320,1768,202,1391,105,3303,2105,1641,791,94,921,8683,1325,929,3333,31611,7147,18699,715,38,4,1
400,Magnesium lactate,75330,647,1433,1087,36,2213,276,659,1198,798,101,687,60,1598,951,751,361,47,521,4145,779,455,1631,13207,3874,10316,370,9,1,0
401,Polyethylene glycol,56992,369,873,2551,10,685,185,339,422,361,186,370,118,949,703,708,758,58,499,4797,524,2237,10371,4429,4195,16356,334,38,3,4
402,D-sorbitol,74762,623,1369,1309,58,2576,254,580,1214,682,107,595,42,1469,829,647,526,75,436,4422,664,438,2434,17490,3126,7622,327,25,2,1
403,Sodium tripolyphosphate,40878,289,692,583,23,1461,167,354,708,427,59,363,24,910,481,394,282,26,215,2300,421,250,1260,9549,2006,4167,114,2,0,0
404,Potassium persulfate,21630,149,340,270,13,788,97,216,365,209,33,184,21,497,290,242,118,10,114,1231,188,109,473,5993,871,1601,69,1,0,0
405,Acetic acid esters of mono- and diglycerides of fatty acids,37088,266,606,525,17,1322,154,326,605,413,47,351,18,822,462,385,225,29,208,1954,363,193,729,8897,1594,3557,111,6,0,0
406,Glycolipids,92663,508,1833,1541,56,2630,293,748,1179,1282,197,795,94,2090,991,1198,534,121,515,6600,1483,642,2481,15256,5091,14125,396,11,0,0
407,Mineral oil medium and low viscosity class III,27514,214,461,520,15,867,135,222,403,257,47,247,19,597,262,273,167,20,169,1553,285,134,785,5480,1372,2818,128,3,1,0
408,Oxidised polyethylene wax,24482,158,374,274,11,856,105,271,404,266,31,250,18,566,296,256,126,18,146,1273,265,123,386,6499,985,2129,79,3,0,0
409,Sodium/potassium/calcium and magnesium salts of fatty acids,53001,395,907,801,28,1691,203,477,1036,525,67,447,46,1070,643,484,318,36,299,2995,558,318,1393,12630,2426,5852,220,13,1,0
410,Fatty acids,200000,2277,6438,21187,182,61817,3967,1601,5009,4165,6940,2808,1536,11210,3113,2029,8205,19627,4899,21856,8976,2498,13491,36427,29215,87133,2285,137,35,7
411,Polyoxyethylene sorbitan monooleate,54348,422,1009,758,21,1631,169,464,881,574,64,462,41,1096,643,570,248,29,337,2888,547,339,1136,10663,2843,6583,247,7,2,0
412,Chlorine,57847,1158,1652,2193,126,1006,197,322,524,416,50,306,33,720,607,279,604,24,267,8326,434,490,1685,7316,1812,6553,349,5,4,1
413,Calcium acetate,106917,1045,2541,1928,79,2809,376,720,1452,1157,170,920,91,2047,1183,956,652,72,811,6108,1231,983,3092,17589,6319,15972,602,21,4,1
414,Nitrogen,200000,4466,5801,20014,142,5227,1135,10071,2054,1687,694,1094,210,6409,2746,1235,6851,617,4360,22251,4075,2267,19081,24847,24457,47323,1869,40,5,10
415,Riboflavin-5′-phosphate,200000,3061,6405,4672,288,9722,1036,2783,5590,3664,491,2999,273,7060,4307,3381,1894,293,2022,19534,3442,2027,8804,65330,16456,37936,1511,52,8,4
416,Patent blue v,200000,1614,3902,2571,125,6231,0,1825,3330,2088,277,1831,136,4367,3042,2241,942,126,1274,12964,1939,2272,4393,41844,9910,26176,863,27,4,2
417,Calcium 5'-ribonucleotide,48881,350,2047,1203,22,1206,173,316,913,432,59,329,46,947,543,395,236,22,842,3833,563,280,1924,6932,3046,13599,731,6,1,0
418,Ammonium hydrogen carbonate,46984,346,1027,735,31,1466,185,354,728,539,57,459,34,1071,569,455,254,22,363,2626,624,297,981,9162,2687,5826,209,6,0,1
419,Tricalcium phosphate,82854,593,1431,1068,50,2293,263,603,1119,836,78,669,49,1550,1016,801,362,45,450,4613,740,443,2246,14979,4191,11767,411,16,3,1
420,Sodium citrates,85210,657,1500,1379,42,2402,261,742,1222,850,94,707,52,1533,1009,781,665,64,541,5669,918,583,2568,15896,3775,11109,490,21,1,6
421,Nitrosyl chloride,24472,187,422,282,9,822,114,209,436,252,22,234,17,494,288,264,121,16,135,1247,228,154,507,5679,1092,2337,99,1,1,0
422,Amidated pectin,62828,775,1114,1067,40,1948,213,472,1196,579,74,457,48,1165,739,608,381,37,413,3539,567,437,2112,13730,2807,6912,259,15,1,0
423,Sodium aluminium silicate,31959,213,512,408,25,985,119,275,522,300,32,266,11,632,401,306,154,21,174,1789,293,157,737,7097,1464,3160,146,6,0,0
424,Sodium sesquicarbonate,200000,5697,7591,11171,518,9864,2209,3105,5119,3740,647,2254,459,7619,3558,2597,4919,524,4882,35531,3668,4572,16136,64581,18522,63603,3425,264,11,8
425,Sodium/potassium and calcium salts of fatty acids,53031,395,907,801,28,1693,203,477,1037,525,67,447,46,1070,644,484,321,38,299,3001,558,318,1393,12630,2426,5855,221,13,1,0
426,Dicalcium diphosphate,178173,5285,8556,7317,422,5315,3513,1319,2917,1405,248,870,147,2936,1193,1166,1826,82,1841,18209,2875,3811,6393,26795,16854,46571,8386,45,4,2
427,Sodium formiate,97738,953,1905,1750,78,2589,316,711,1471,1088,129,862,71,1887,1115,897,655,68,676,5675,1055,603,2211,16706,5067,12698,449,20,1,1
428,l-cysteine,53155,1015,1792,4880,32,1636,440,685,832,656,96,456,80,1623,480,515,1624,32,807,5687,6875,533,2766,8804,4286,10400,499,15,1,1
429,Ethulose,49938,478,1108,720,25,1427,167,431,704,502,54,433,32,1025,624,536,280,22,355,2590,565,315,1205,8951,2711,6869,259,4,1,0
430,Sodium sulphate,47308,473,952,689,27,1707,202,443,743,487,112,424,60,1266,700,466,259,48,313,2712,444,282,1047,11217,2254,5337,181,6,1,0
431,Magnesium stearate,32260,178,492,381,21,1241,119,296,553,325,41,290,19,793,359,330,163,18,194,1658,299,147,824,7741,1331,2895,129,3,1,1
432,acid esters of mono- and diglycerides of fatty acids,37081,266,606,525,17,1322,154,326,605,413,47,351,18,821,462,385,226,29,208,1953,363,193,729,8897,1593,3554,111,6,0,0
433,Aluminium silicate,37426,251,697,483,19,1068,123,269,551,385,38,339,29,725,484,365,177,18,243,2063,320,217,814,7324,1721,4224,179,9,1,0
434,Beta-cyclodextrine,63324,488,1180,1207,64,1475,176,410,819,600,96,462,57,1102,624,453,690,34,495,5079,646,649,4050,8879,2844,9588,465,26,0,0
435,Sodium propionate,95038,827,2048,1560,56,2792,307,727,1392,1025,119,785,83,1974,1189,860,566,178,701,5401,1023,676,2855,17589,5338,13706,505,16,1,0
436,Acid sodium aluminium phosphate,44523,287,723,533,27,1461,138,361,762,489,49,428,26,881,544,438,215,30,274,2345,382,242,883,10040,1967,4811,191,6,0,0
437,Konjac gum,61055,468,1112,901,29,1729,211,471,926,612,77,495,34,1112,888,568,392,43,354,3483,625,428,1619,11418,2981,7289,294,12,1,0
438,Glucono-delta-lactone,40836,294,692,532,18,1163,158,283,610,423,53,319,26,848,492,390,225,23,240,2307,419,266,1032,7568,1892,4635,200,5,1,0
439,Guanylic acid,28582,185,533,369,13,979,110,235,456,269,34,229,19,671,352,290,161,14,203,1555,279,131,641,6403,1382,2758,136,11,0,1
440,Monomagnesium phosphate,72174,608,1253,948,41,1942,242,567,1066,928,76,713,48,1350,841,680,365,35,599,4144,767,441,1495,12611,3302,9827,475,17,0,0
441,Polyglycerol esters of fatty acids,48955,368,856,624,31,1325,165,367,759,485,45,397,35,933,554,515,275,28,292,2643,424,274,1109,9107,2185,5559,209,4,0,0
442,Thermally oxidised soya bean oil interacted with mono- and diglycerides of fatty acids,43785,355,791,614,25,1337,144,355,688,434,59,324,22,850,532,456,237,21,283,2395,441,262,976,8125,2251,5030,200,5,0,0
443,Pentapotassium triphosphate,57127,416,1120,943,26,1826,219,489,975,634,91,514,32,1237,691,618,458,41,445,3310,747,297,1240,11777,3038,6938,265,15,1,0
444,Distarch glycerol,10867,77,238,175,4,312,41,112,175,159,15,109,6,239,98,98,76,16,72,621,145,57,331,2086,752,1277,52,3,0,0
445,Delphinidin,200000,4472,22219,24536,617,16184,4277,5243,8332,8509,4029,8786,1815,23359,4663,5791,7225,1315,9102,33175,12705,3060,26404,78833,71506,103748,2155,128,4,5
446,dipotassium dihydrogenpyrophosphate,178143,5285,8555,7317,422,5315,3513,1319,2917,1405,248,870,147,2936,1193,1166,1826,82,1839,18206,2875,3811,6391,26792,16848,46554,8386,45,4,2
447,Sucralose,25146,180,441,348,18,927,119,232,387,237,162,219,45,535,304,257,145,47,154,1296,234,123,502,5528,1119,2528,95,7,171,2
448,Ethyl lauroyl arginate,95854,799,1718,1467,58,2768,301,762,1383,1059,107,806,49,1755,1161,944,517,63,619,5613,909,602,2084,17289,4604,12466,466,27,3,0
449,Neotame,26453,152,422,293,7,1083,100,268,485,247,32,262,13,561,320,304,121,15,154,1302,245,120,414,8616,1066,2192,115,3,14,1
450,Rhodoxanthin,156748,1464,2641,2050,84,4720,493,1264,2320,1768,202,1391,105,3303,2105,1641,792,94,921,8684,1325,928,3334,31611,7149,18701,715,38,4,1
451,E450viii,178143,5285,8555,7317,422,5315,3513,1319,2917,1405,248,870,147,2936,1193,1166,1826,82,1839,18206,2875,3811,6391,26792,16848,46554,8386,45,4,2
452,Potassium chloride,61702,398,1219,1064,17,1448,138,556,1452,522,58,340,47,899,515,453,395,27,742,4042,533,336,2366,8651,2990,14369,779,10,0,0
453,Benzyl alcohol,20672,149,335,282,10,540,47,116,195,203,33,148,12,302,283,149,114,18,124,1404,247,121,646,5153,883,2013,77,3,1,4
454,Bakers yeast glycan,43984,375,771,619,44,1326,152,340,706,454,64,382,39,890,594,460,224,36,244,2404,392,264,1164,9042,2095,4591,153,9,0,0
455,Cyclamic acid and its Na and Ca salts,20434,123,328,241,14,767,99,195,391,191,34,205,13,464,232,210,92,14,98,996,219,130,368,5468,895,1577,72,1,3,0
456,Disodium diphosphate,178146,5285,8555,7317,422,5315,3513,1319,2917,1405,248,870,147,2936,1193,1166,1827,82,1839,18206,2875,3811,6391,26792,16848,46554,8386,45,4,2
457,Red 2G,192429,1378,3476,2633,121,5175,565,1580,3160,2027,267,1690,137,4166,2608,1909,1011,144,1151,13173,1975,1100,4365,35033,9447,22078,972,31,2,2
458,Potassium ferrocyanide,33419,257,596,450,23,1066,114,276,508,310,33,271,15,886,385,319,180,22,172,1872,308,177,833,7241,1662,3429,138,4,1,0
459,Potassium sorbate,102671,818,1893,1710,69,3191,375,817,1593,1076,172,945,63,2230,1300,990,874,66,673,6462,1014,589,2566,21780,5334,11338,438,23,3,14
460,Polyoxyethylene sorbitan tristearate,39821,294,739,553,19,1274,136,318,624,414,45,324,19,812,489,390,208,21,200,2326,379,244,901,8743,1907,4088,172,6,2,0
461,Sodium dehydroacetate,72805,550,1565,1162,45,2015,225,525,1061,775,107,613,54,1513,855,667,362,45,437,4267,750,528,2106,13378,3961,9798,324,13,0,0
462,Tylosin,40443,302,701,570,28,1278,161,352,610,431,59,370,23,833,525,435,222,30,260,4383,402,328,975,8889,1928,4621,171,5,0,1
463,ammonium lactate,57381,415,1025,848,39,1795,213,476,914,646,74,507,44,1208,689,569,267,40,391,3168,601,344,1394,11580,3052,6677,271,6,1,0
464,Ammonium chloride,104454,1047,2203,1885,65,3176,309,956,1604,979,107,773,71,2002,1255,1050,703,85,849,7385,1019,913,3634,21068,4513,15718,716,23,2,0
465,Locust bean gum,76518,536,1334,1020,56,2529,226,652,1465,740,111,631,51,1613,937,763,486,72,525,4460,740,497,2075,18285,3459,8212,349,14,2,1
466,Zeaxanthin,161298,1508,2678,2604,84,4887,511,1269,2327,1789,210,1417,106,3366,2124,1650,1451,101,1005,8810,1350,965,3498,32488,7606,19098,736,40,4,1
467,Calcium polyphosphate,39993,283,688,541,23,1454,166,352,707,422,57,358,23,904,477,394,183,24,205,2124,415,234,848,9520,1994,4030,107,1,0,0
468,peptone,57032,431,1077,778,31,1367,157,417,811,525,72,430,36,1132,790,540,354,29,278,3752,627,355,1113,9983,3140,6809,251,5,3,0
469,Calcium oxide,43936,315,739,539,18,1373,128,347,666,434,45,419,29,831,561,435,210,27,247,2373,381,296,927,8892,2095,5009,188,5,1,0
470,Xanthan gum,66754,507,1218,920,43,1903,176,514,985,708,89,541,34,1253,736,712,493,61,371,3938,647,409,1943,12346,3383,7954,296,51,2,0
471,Delta-tocopherol,76844,634,1575,1247,52,2212,248,605,1120,825,110,639,76,1587,983,704,558,49,597,4323,721,505,1756,13304,3844,10069,395,15,0,0
472,Potassium sulphates,61216,458,1125,882,41,1785,197,499,928,576,74,461,38,1151,812,638,336,36,372,3504,575,438,1655,11769,2972,7355,295,10,2,0
473,Disodium phosphate,69619,522,1263,968,33,1833,231,594,1050,808,82,613,47,1320,1015,710,375,43,421,4093,708,427,1490,12210,3153,8979,341,17,3,2
474,Petroleum wax,28781,222,484,535,16,877,135,223,403,258,48,248,19,598,269,275,193,24,171,1610,298,137,842,5493,1439,2869,129,3,1,0
475,Quinoline yellow,200000,3503,8178,5729,281,8809,966,2512,5064,3372,825,2636,353,7065,4335,3229,2501,431,2140,22126,3446,2054,10084,57388,16436,45550,2014,52,18,3
476,Glucosylated steviol glycosides,29951,176,612,408,11,1002,150,313,484,261,48,264,52,647,320,329,171,34,139,1967,289,190,654,7264,1437,2752,104,2,2,0
477,Acesulfame k,38115,264,664,591,29,1250,147,309,484,337,79,317,30,742,407,307,310,45,233,1847,403,169,1056,8206,1755,3777,156,4,44,0
478,Calcium diglutamate,37132,236,591,421,8,1222,121,327,594,398,37,297,21,786,432,386,180,17,175,1931,325,198,721,8532,1635,3695,143,5,1,0
479,Invertase,144438,6565,5474,5693,434,2795,762,458,1266,1562,130,909,118,1873,1123,496,4789,106,3018,20597,3278,2312,7460,6031,8703,40067,2059,286,9,2
480,Methyl p-hydroxybenzoate,88440,613,1810,1339,78,2830,321,775,1288,1054,144,822,84,1945,1172,933,482,53,550,4931,1152,460,2092,18078,5041,10180,351,10,3,2
481,Sodium polyphosphate,39941,282,685,537,23,1454,166,352,707,421,57,358,23,902,477,394,186,24,204,2113,416,232,844,9522,1980,3981,109,1,0,0
482,Curdlan,46179,318,998,665,25,1505,173,384,779,501,79,392,30,1069,607,498,255,45,296,2578,638,254,1106,9770,2659,5112,162,6,1,0
483,Polyvinylpyrrolidone,31878,563,877,749,15,609,103,193,291,234,59,226,37,636,325,245,249,24,235,2594,387,270,2848,3381,2134,5546,186,8,0,1
484,Sodium hydroxide,49882,347,802,782,44,3047,159,353,619,356,56,317,37,867,523,404,346,43,274,3648,600,301,1504,9938,1947,5038,201,8,1,1
485,Sorbic acid,200000,7919,12542,19402,618,17075,4058,5345,9170,6735,984,4231,769,12793,7044,5118,8619,641,8334,51067,6812,7027,24376,98823,31011,108552,5653,530,27,15
486,Fatty acid esters of ascorbic acid,62616,413,1142,1100,46,1964,234,521,1026,682,96,547,59,1427,792,558,533,54,429,3554,559,332,1549,12591,2985,7590,296,14,0,0
487,Calcium bromate,23457,177,392,341,10,810,112,201,370,227,36,203,4,500,274,251,180,37,132,1259,210,111,473,5691,982,1854,76,5,0,0
488,Guar gum,64237,490,1064,821,50,2230,211,532,948,619,164,516,62,1306,856,631,410,203,339,3679,556,435,2018,13782,2810,7124,278,12,2,0
489,Powdered cellulose,54999,453,953,787,30,1798,197,417,1033,524,122,442,44,1138,633,549,386,68,351,3345,571,335,1658,13175,2424,5748,221,16,0,0
490,Stannous chloride,52852,369,865,647,27,1776,176,460,817,516,62,423,33,1117,771,572,287,27,301,3986,435,441,1071,12552,2217,5457,332,5,0,2
491,Magnesium carbonate,37182,269,681,605,34,1197,145,323,582,464,67,359,30,736,429,363,204,25,305,1901,406,187,953,7990,1837,4095,145,6,1,2
492,Lactic acid,197322,1186,3723,5191,89,5312,681,1250,2361,1853,848,1556,515,5612,1682,1184,4139,1403,1826,17460,2548,1794,12639,27134,12116,37913,852,55,10,2
493,Benzole peroxide,22769,282,533,1727,7,732,111,199,313,169,31,168,8,448,330,216,379,14,172,2352,234,110,455,5310,1015,2380,124,6,5,0
494,Black 7984,147187,962,2626,1906,96,4490,475,1155,2189,1421,204,1197,102,3221,2048,1400,700,101,782,7957,1477,786,3280,30454,6911,15427,560,22,1,0
495,Succistearin,40025,312,705,626,31,1289,124,331,669,414,44,364,34,858,480,394,219,19,285,2202,389,230,1043,8305,2080,4328,163,3,1,0
496,Magnesium pyrophosphate,31712,221,487,397,16,1052,103,245,510,321,52,264,22,708,372,312,191,19,179,1707,274,137,637,7089,1389,3007,124,6,0,0
497,Silver,200000,2610,3888,6158,132,11274,807,1620,2709,2584,325,1868,161,5469,2530,1756,2438,140,1645,31745,2494,1665,33832,36998,13238,35148,1149,45,0,0
498,Plain caramel,200000,4342,7762,9468,317,13073,1995,3626,6825,3835,566,2766,358,7903,4144,3379,4025,331,3819,26325,4138,4147,14103,71420,18662,60354,2825,185,9,5
499,Calcium malates,56485,397,922,924,19,1851,175,492,914,608,86,546,33,1202,736,599,309,39,381,3265,456,310,1368,12553,2583,6333,233,6,1,0
500,Brown ht,170709,1355,3925,2555,107,5111,604,1364,2763,2285,286,1695,185,4624,2276,2139,834,151,1218,9662,2746,1060,3970,31299,11015,22527,733,34,2,0
501,Xanthophylls,163263,1573,2845,3336,86,5086,581,1303,2362,1868,258,1466,128,3512,2127,1658,1872,109,1213,9088,1410,992,3817,32118,8079,20269,771,44,4,1
502,Adipic acid,71640,550,1177,1065,36,1971,216,534,1023,818,100,628,65,1350,831,708,411,42,445,3994,636,422,1673,12311,3173,8621,344,18,4,0
503,Synthetic magnesium silicate,39826,295,664,494,26,1280,120,301,627,387,41,331,22,775,501,399,161,14,220,2106,353,222,842,8302,1673,4350,185,10,0,0
504,Hydroxypropyl cellulose,51577,398,968,808,44,1698,194,448,787,500,67,433,50,1103,654,512,383,31,339,2924,462,296,1387,9765,2565,6260,247,13,1,4
505,Thiabendazole,103968,982,2075,1663,81,2817,336,790,1477,1266,137,979,57,2043,1263,979,664,64,674,8282,1085,677,2361,18403,5345,13317,527,15,3,0
506,Monopotassium tartrate,57246,416,964,858,34,1773,178,485,859,627,76,505,39,1230,734,627,349,57,374,3283,496,385,1295,11533,2613,6028,231,7,1,1
507,Shellac,26777,125,369,330,14,902,102,213,355,284,47,271,15,586,254,203,176,16,186,1280,323,114,786,5676,1519,2480,94,5,0,0
508,Caramel,200000,4370,7820,9485,317,13085,1996,3627,6826,3840,566,2769,358,7905,4149,3380,4073,335,3819,26358,4203,4150,14112,71458,18681,60469,2828,185,10,5
509,Lycopene,200000,1928,4606,5005,173,7450,893,2078,3766,2446,370,2055,200,4997,2674,2648,3229,200,1913,13653,2318,1841,6821,45167,11801,30871,1282,60,6,2
510,Beta-carotene,200000,2272,4968,6585,162,7868,952,2062,3802,2421,393,2050,202,5024,2761,2687,6104,198,1986,14597,2380,1921,7231,47602,12252,32302,1407,77,6,3
511,Buffered vinegar,90366,738,1922,1443,46,2369,284,612,1230,1024,92,798,50,1751,1017,807,489,57,559,5291,877,775,2450,14834,4719,13519,442,25,3,1
512,Lactylated fatty acid esters of glycerol and propane-1,35268,225,628,498,17,1156,126,325,583,334,53,290,26,735,440,383,174,27,200,1897,368,199,793,7485,1755,3596,131,5,0,0
513,ferrous hexacyanomanganate,40881,313,692,532,25,1217,144,305,625,395,51,329,29,846,493,407,215,27,232,2285,383,229,793,8310,1844,4493,197,6,0,0
514,calcium gluconate,30521,218,488,350,13,980,94,266,576,305,44,262,18,623,381,298,148,13,170,1601,379,152,610,6367,1326,2919,141,5,0,0
515,Sodium malates,124757,1052,2199,2148,69,3524,552,1046,1849,1230,164,1026,100,2428,1244,1666,931,116,872,8555,1173,975,4606,23954,5640,16776,616,30,4,3
516,calcium glycerophosphate,62428,500,1223,892,31,1737,185,476,900,662,70,525,30,1128,754,575,297,30,390,3497,621,368,1280,11580,2939,7186,287,8,1,1
517,Glycine,162210,1604,3081,5626,202,3729,732,961,1445,2013,523,1040,198,2363,1866,1214,2322,341,3170,10973,2981,1799,8238,15994,15035,37765,1490,52,3,5
518,Flavoxanthin,156729,1464,2641,2045,84,4720,493,1264,2320,1768,202,1391,105,3303,2105,1641,790,94,921,8683,1325,928,3333,31611,7147,18698,715,38,4,1
519,Spermaceti,23906,134,389,336,13,753,98,212,388,235,37,211,12,538,276,246,150,14,157,1334,252,144,502,5089,1322,2394,104,4,0,0
520,Sodium stearoyl-2-lactylate,48594,283,831,601,27,1479,174,400,762,495,45,474,28,869,626,474,251,32,287,2746,417,252,877,10448,1997,5349,225,4,0,0
521,Hydroxypropyl starch,11394,65,190,170,3,383,43,98,188,105,23,75,6,201,112,103,83,13,80,669,115,84,323,2381,612,1202,41,3,0,0
522,E543 food additive,40952,312,771,465,27,1287,131,356,619,414,42,324,31,849,509,456,160,15,229,2230,405,247,782,8393,1854,4548,162,3,3,1
523,Propane-1‚2-diol alginate,68036,553,1180,1143,53,1932,196,458,928,674,81,592,72,1296,788,698,343,39,404,3823,587,412,1948,11691,3233,8449,301,16,0,1
524,Nitrogen,200000,4468,5779,20012,144,5145,1149,10042,2071,1689,692,1110,214,6421,2758,1220,6846,613,4359,22265,4049,2275,19068,24702,24451,47246,1850,39,5,10
525,Ferrous carbonate,51327,407,1083,780,32,1555,156,381,781,562,62,444,32,1043,615,521,250,31,338,2612,630,339,1190,9303,2748,6320,225,5,0,0
526,Tertiary-butylhydroquinone (tbhq),81005,781,1756,1619,40,2507,273,653,1156,897,125,744,88,1687,1023,747,928,65,720,4510,850,509,1932,13671,4354,10650,404,23,2,2
527,Brominated vegetable oil,51224,375,997,761,26,1586,165,410,765,546,57,467,41,1094,645,519,265,27,323,2912,461,309,1311,9941,2442,6253,251,9,0,0
528,Scarlet GN,200000,2943,5804,5030,211,7728,1044,2427,4345,3264,304,2367,237,5915,3604,2685,2164,192,2474,21773,2687,3805,7925,50068,14038,44026,2272,88,8,5
529,Distarch phosphate,9894,54,159,171,1,318,39,76,144,91,17,101,14,234,118,148,68,10,70,534,137,64,294,1785,590,1114,42,1,0,0
530,Copper complexes of chlorophylls and chlorophyllins,188432,1738,3733,2802,112,6001,633,1568,3099,2138,254,1788,151,3977,2758,1931,1093,132,1271,10319,2229,1178,4488,37231,10174,23037,904,41,1,1
531,Trisodium citrate,74278,574,1369,1011,40,2170,247,626,1132,803,77,676,42,1405,944,740,382,45,454,4176,759,473,1682,14895,3340,8849,362,15,0,1
532,Disodium guanylate,35297,248,623,483,20,1087,121,319,599,417,51,325,24,743,399,356,209,22,244,1977,369,226,802,7314,1696,4026,142,5,0,0
533,Isobutane,22321,147,348,249,10,776,87,212,387,225,28,214,13,511,277,237,118,19,130,1166,208,133,384,5483,1021,2107,92,3,0,0
534,sodium lactate,86108,615,1441,1199,38,2399,308,720,1398,873,90,741,50,1681,1022,826,522,34,590,5081,781,614,1989,16244,3756,10603,507,18,0,0
535,petroleum jelly,27926,216,462,522,16,867,136,223,403,259,47,247,19,604,281,277,171,20,170,1609,285,134,786,5566,1376,2894,129,4,1,0
536,Calcium phosphates,90538,607,1487,1193,50,2321,266,646,1139,851,81,677,53,1691,1032,824,376,48,462,5298,749,493,3707,15414,4594,13751,448,18,3,1
537,Sodium diacetate,73871,535,1453,1203,48,2372,233,594,1096,864,79,662,47,1464,857,702,499,48,480,4391,739,505,1869,15298,3665,9409,327,12,1,1
538,Beta-carotene from blakeslea trispora,200000,1714,4324,3674,158,7060,804,2010,3711,2360,347,1993,183,4716,2626,2624,1481,184,1684,13350,2201,1763,6558,43640,10803,29496,1206,57,6,2
539,Azorubine,198216,1473,3654,2687,117,6142,939,1665,3362,2163,275,1778,188,4235,2742,1959,1049,122,1242,10603,2312,1066,4560,39220,10514,22478,815,29,5,2
540,Benzoic acid,158633,1485,3478,3363,145,4614,549,1207,2358,1694,258,1336,114,3159,1799,1499,1585,141,1495,12473,2031,1347,4882,30070,8306,21126,825,42,6,31
541,Exxx food additive,200000,4524,11278,18863,710,41731,2126,3072,3907,3468,2490,3671,871,7912,3390,1055,11610,1897,6770,49765,7101,3387,26235,25889,33955,119879,4552,185,546,143
542,Guaiacum,64387,517,1150,915,43,2066,234,619,1078,669,95,519,55,1386,902,614,332,30,426,3593,521,401,1496,13688,3007,7479,284,11,0,0
543,Sodium carboxy methyl cellulose,49120,430,1313,876,24,1450,217,423,777,503,69,450,41,1061,558,519,331,61,387,3341,666,310,1467,8944,2835,7118,241,20,5,1
544,Glycyrrhizin,22099,173,419,597,17,759,298,209,362,301,51,273,38,666,281,274,221,19,388,1561,253,157,702,4639,1396,3531,198,6,1,0
545,Potassium alginate,53621,472,1044,987,33,1889,213,446,0,514,93,451,44,1198,589,482,346,40,388,3098,566,283,1637,11523,2774,5741,198,9,0,0
546,Formic acid,101724,934,2074,1976,78,2669,379,698,1253,1033,161,851,81,1904,1060,890,773,170,690,7278,1212,976,3047,15908,5437,13572,478,17,1,1
547,Carbonates,52615,292,807,1019,32,1434,179,345,693,442,60,367,49,837,494,412,378,26,293,2922,519,310,1626,9269,2146,4946,238,10,0,0
548,Glyceryl triacetate,16404,103,309,197,9,524,38,94,194,199,27,157,11,272,140,142,66,16,94,1117,287,94,434,3793,867,1881,60,3,0,0
549,Lecithins,64373,483,1048,1005,35,2276,258,547,1071,677,105,594,56,1269,790,581,503,58,394,3625,563,393,1975,13854,2769,7070,258,23,0,4
550,Black iron oxide,112999,800,2078,2406,68,3642,357,955,1826,1217,151,1047,82,2616,1471,1167,647,68,699,6484,1096,666,2699,24596,5885,13471,519,19,1,1
551,Beta-apo-8′-carotenal (c30),200000,1714,4325,3664,158,7060,803,2011,3711,2360,347,1993,183,4716,2627,2623,1484,184,1682,13346,2198,1763,6559,43642,10796,29510,1205,57,6,2
552,Malvidin,200000,4454,22188,24489,614,16143,4273,5245,8324,8511,4023,8786,1813,23355,4661,5789,7155,1313,9078,33140,12704,3058,26400,78816,71267,103635,2154,125,4,5
553,Mixed acetic and tartaric acid esters of mono- and diglycerides of fatty acids,37081,266,606,525,17,1322,154,326,605,413,47,351,18,821,462,385,225,29,208,1953,363,193,729,8897,1593,3554,111,6,0,0
554,Sodium ethyl p-hydroxybenzoate,116506,976,2415,1728,75,3140,414,908,1786,1306,158,1087,71,2500,1410,1193,675,89,815,6862,1295,794,2530,21491,6309,14821,545,17,2,0
555,Monocalcium citrate,89557,786,1938,1454,43,2510,328,744,1260,987,110,856,61,1862,1014,896,470,62,627,5166,998,606,2443,15736,4995,12087,426,17,2,0
556,Polyvinylpolypyrrolidone,13178,67,240,189,10,354,39,55,172,167,33,115,8,271,145,127,74,11,89,825,205,65,385,2437,802,1507,47,3,0,0
557,Cochineal,200000,3930,8171,9313,341,14431,1533,3667,9295,4323,609,3183,448,9450,4718,3530,3672,397,4673,26885,4067,4927,13599,78819,20964,67071,2603,112,11,10
558,Potassium benzoate,103259,767,1939,1467,59,3249,357,944,1659,1217,139,1021,64,2294,1344,1124,527,59,712,5866,1034,690,2321,22773,5185,12676,550,17,2,1
559,Oat lecithin,61466,465,1036,880,35,2131,241,541,1066,656,89,576,49,1252,754,575,351,51,371,3342,548,338,1321,13788,2705,6294,235,16,0,4
560,Sodium carbonates,200000,5749,7750,11499,518,10031,2227,3618,5637,3786,654,2280,472,7751,3636,2627,5036,531,4987,36549,3736,4721,16812,66220,18954,65563,3553,265,12,8
561,Sorbitan monostearate,47652,404,995,640,29,1443,149,386,711,604,66,441,29,951,582,436,252,25,289,2542,487,367,1016,9983,2238,5709,216,7,1,1
562,Alginic acid,200000,3895,6177,8217,252,7565,1818,2348,4663,2880,556,1856,355,5347,3668,2247,3639,315,3254,27712,2792,4264,12057,53674,12946,49186,2930,259,19,2
563,Magnesium sulphate,40388,269,604,502,24,1487,165,417,738,396,56,340,29,866,687,372,184,23,372,2144,341,252,765,9710,1825,4071,174,7,0,0
564,Butylated hydroxyanisole (bha),101151,1124,2592,1940,73,3058,383,841,1792,1038,148,836,122,2059,1183,1170,1129,89,723,6027,1126,663,2749,20999,5170,12949,537,15,8,6
565,Methylphenylpolysiloxane,123426,1791,1904,3959,128,3298,545,708,1285,1529,224,971,100,2449,830,725,2068,220,1396,9282,1190,923,4800,19430,6801,18052,639,140,6,1
566,Potassium metabisulphite,87919,626,1749,1355,69,2646,305,688,1303,914,121,775,59,1862,1017,785,456,52,521,5041,939,576,2253,17721,4614,9958,360,12,1,1
567,Gellan gum,50268,338,883,681,25,1623,165,386,754,488,70,448,29,1047,622,497,309,48,294,3309,521,269,1582,10269,2571,5715,166,10,0,0
568,Calcium carbonate,170854,1332,2868,2586,119,4624,580,1398,2531,1693,218,1314,92,3247,1883,1574,968,112,1029,9564,1499,1188,6035,32071,8051,21011,857,27,4,0
569,Desconocido,62400,513,1138,1049,49,1618,210,499,925,633,69,487,31,1216,758,569,368,37,445,3486,563,381,1442,10597,3088,7519,295,7,1,0
570,Potassium aluminium silicate,48522,317,978,643,19,1368,166,417,708,522,58,428,35,931,569,489,242,42,338,2635,548,343,1144,8873,2425,5949,226,16,0,0
571,Inosinic acid,52031,416,917,964,17,1702,210,459,886,432,89,437,33,1041,555,484,506,55,323,2912,627,267,1632,12236,3246,5594,168,6,3,0
572,Succinic acid,74715,585,1396,1537,54,2143,303,599,1077,827,203,660,63,1518,874,649,514,164,582,4737,1029,488,2180,12337,4382,10304,355,21,0,2
573,iron gluconate,37141,265,684,499,14,1137,115,306,532,372,48,320,29,742,471,372,189,22,258,2007,403,260,850,7199,1917,4385,157,4,0,0
574,Potassium sulphate,61315,459,1125,882,41,1785,197,499,928,576,74,461,39,1152,815,638,337,36,372,3512,575,438,1663,11770,2972,7364,298,10,2,0
575,Orthophenyl phenol,131339,1586,6509,3536,177,3543,378,894,1713,1196,138,1053,182,3199,1370,1047,1085,70,953,8000,2311,1106,5270,21731,13014,22276,1164,25,11,2
576,methyl cellulose,57542,432,1147,823,29,1682,201,466,1052,542,77,466,32,1197,660,552,353,37,372,3273,635,378,1942,10928,3116,7486,253,17,1,0
577,Maltitol syrup,23513,142,348,286,9,743,86,190,405,221,29,224,16,474,250,218,125,17,126,1145,218,111,526,5176,1026,2109,91,6,1,1
578,Anthocyanins,200000,4712,22574,26337,630,16998,4419,5286,8427,8656,4199,8935,1850,23699,4707,5813,10706,1440,9754,34702,13007,3191,27165,79531,75249,106217,2269,136,5,6
579,Polyphosphates,45536,333,763,685,23,1467,170,364,744,431,59,367,44,967,495,410,264,36,233,2703,480,295,1479,9659,2461,5134,154,2,1,0
580,Rice bran wax,19561,108,322,268,13,639,98,184,352,191,42,192,13,408,237,187,86,10,115,957,212,97,438,4336,924,1705,76,1,0,0
581,Calcium silicate,36409,247,624,452,18,1143,121,299,578,267,41,232,26,734,380,306,175,20,186,1983,358,175,1104,8064,1736,3672,124,6,0,1
582,Canthaxanthin,157641,1490,2699,2146,84,4731,497,1265,2321,1768,202,1393,105,3308,2111,1642,923,94,929,8715,1331,946,3355,31662,7224,18855,732,38,5,1
583,Wax ester,45101,321,721,496,28,1645,192,399,706,415,63,394,33,999,470,453,187,25,267,2292,441,314,1329,10938,2169,5232,154,9,0,0
584,Sucroglycerides,38125,302,863,624,25,1158,149,325,551,402,47,431,27,806,426,358,219,34,238,2072,416,252,973,8102,2240,4568,199,2,0,1
585,Gluconic acid,32417,206,557,726,16,1072,115,260,487,316,59,279,25,726,366,326,184,37,192,2093,447,177,857,6874,1674,3329,123,4,1,0
586,Castor oil,13073,105,278,230,9,373,69,86,182,120,35,92,15,228,188,110,147,16,133,1015,191,123,618,1880,876,2500,87,21,0,0
587,Ascorbyl palmitate,62450,407,1133,1045,46,1941,233,520,1025,680,95,547,59,1426,792,558,470,52,424,3533,554,329,1545,12583,2978,7538,292,14,0,0
588,Potassium bromate,23959,347,723,517,10,813,124,257,373,230,36,203,4,504,276,251,219,37,147,1330,221,112,494,5700,1028,2100,82,5,0,0
589,Potassium pectate,62750,774,1114,1067,40,1945,213,472,1196,579,74,457,48,1165,738,608,378,35,414,3530,565,437,2097,13730,2805,6895,258,14,1,0
590,Dipotassium inosinate,32578,246,524,465,17,1123,118,295,524,302,43,282,15,722,352,369,223,16,183,1817,325,169,841,7840,1478,3113,103,8,0,0
591,acetone peroxide,25420,206,478,328,10,767,111,219,378,262,42,254,11,639,259,274,129,12,126,1619,279,134,619,5476,1274,3527,105,7,2,0
592,Cyanidin,200000,4542,22282,24860,615,16328,4307,5257,8362,8545,4055,8813,1822,23455,4672,5797,7873,1336,9268,33387,12744,3096,26530,78882,71944,104349,2182,133,4,6
593,ferric ammonium citrate,67729,478,1204,1115,36,1918,193,538,1099,750,103,602,42,1322,789,704,363,44,403,3841,633,420,1817,13167,3380,8380,286,8,1,0
594,Sorbitan trioleate,33961,233,601,469,11,1033,112,277,569,321,53,294,20,725,481,317,222,28,186,1918,298,189,780,7540,1610,3340,129,4,0,0
595,Stearyl tartrate,45862,364,858,610,17,1452,160,372,712,458,62,389,29,962,572,460,259,21,254,2498,601,273,934,9089,2505,5385,223,7,1,0
596,Esters of Colophane,30431,220,470,359,15,1000,117,289,461,278,43,289,21,703,348,287,144,25,149,1552,241,181,580,7151,1361,2905,126,2,0,0
597,Tannin,145816,1128,2939,2151,94,4270,522,1179,2242,1725,232,1769,125,3299,2047,1604,1400,134,1074,9091,1541,821,3311,28953,7869,18939,670,34,3,0
598,Potassium sodium tartrate,69626,525,1228,950,33,1824,239,608,973,838,76,659,53,1339,886,720,387,37,499,3907,674,395,1400,11982,3110,8636,344,15,1,1
599,Potassium bromate,23959,347,723,517,10,813,124,257,373,230,36,203,4,504,276,251,219,37,147,1330,221,112,494,5700,1028,2100,82,5,0,0
600,Sodium silicate,73354,706,1349,1345,59,2216,271,533,1216,588,81,499,44,1336,701,668,548,38,536,4372,543,487,3011,15377,2980,8060,349,20,3,0
601,Disodium 5'-ribonucleotide,37980,261,636,519,21,1177,127,328,639,401,48,329,18,812,440,365,195,21,235,1984,346,236,870,7552,1797,4422,184,5,1,0
602,Diphosphates,186435,5360,8640,7442,422,5343,3518,1336,3107,1416,249,877,147,3011,1213,1222,1858,86,1878,18867,2966,3888,6795,27033,17214,48106,8445,46,4,3
603,Montanic acid esters,34114,231,554,426,31,1417,162,306,519,348,50,356,20,721,408,319,185,30,178,1812,265,200,591,9208,1387,3084,126,10,0,0
604,E15x food additive,200000,31798,74980,76578,2526,145756,13987,32829,64914,39897,8401,34130,3954,79040,42725,35977,33571,5243,31485,200000,39779,29693,113279,200000,194114,200000,20524,842,569,152
605,Aluminium potassium sulphate,38712,266,645,487,22,1583,154,394,663,415,52,340,14,813,505,433,171,21,207,2135,398,210,920,9407,1823,3850,163,7,1,0
606,Glycerol,122162,959,2345,2875,82,6605,428,1248,1054,841,221,692,117,1976,964,673,1355,192,871,10067,2859,1052,6339,13246,8935,24275,722,28,5,5
607,Magnesium salts of fatty acids,52982,395,907,801,28,1691,203,477,1036,525,67,447,46,1070,643,484,317,36,298,2993,558,318,1393,12626,2426,5849,220,13,1,0
608,Tartrazine,200000,2542,5427,4266,212,8859,897,2349,4775,3128,509,2562,281,6229,3842,2809,1903,336,1643,18502,2580,1797,7840,55964,13071,32055,1337,47,12,27
609,Sandalwood,123427,909,2148,1739,82,3435,400,918,1795,1336,170,1072,76,2719,1593,1262,733,66,753,7136,1053,737,2993,23863,6063,13873,497,22,0,0
610,Tripotassium citrate,62529,440,1112,814,31,1937,225,501,929,597,79,513,38,1219,697,669,294,29,345,3335,608,317,1733,13010,3196,7078,242,7,1,1
611,Sodium sulphates,130501,1275,3594,3762,61,2363,378,985,1016,939,1648,710,1575,4833,2398,1024,1276,762,918,12491,1811,1365,6596,13191,9367,34463,741,47,9,3
612,Acacia gum,48246,352,780,650,40,1531,167,417,805,495,58,413,23,1006,612,514,220,45,332,2766,455,260,1179,10998,2143,4841,179,14,0,0
613,Protease,188406,1974,6708,5239,41,3234,924,1221,1500,2058,361,1289,470,7280,3097,1925,1579,220,2399,35660,3096,2773,9265,12754,27514,51350,2723,59,6,1
614,Potassium bisulphite,83055,595,1463,1358,87,2477,319,649,1301,910,127,737,65,1745,987,829,587,58,601,4796,927,528,2001,16295,4143,9425,363,18,2,0
615,Polyvinyl alcohol,29322,168,421,694,24,416,87,115,255,191,34,166,24,462,178,164,728,23,194,3800,266,248,4332,2449,1501,5165,122,17,1,0
616,Calcium ascorbate,71196,538,1372,1213,51,2357,463,613,1126,745,87,659,60,1562,880,652,421,41,507,4158,817,388,1777,15175,3839,8550,289,11,2,0
617,Ammonia caramel,200000,4344,7763,9468,317,13074,1995,3626,6825,3835,567,2766,358,7903,4146,3379,4025,331,3819,26325,4152,4148,14102,71423,18662,60368,2826,185,10,5
618,Potassium fumarate,50846,348,810,771,35,1559,159,412,791,537,77,449,28,1034,607,541,295,27,270,2823,468,271,1073,10268,2409,5491,201,6,0,0
619,Mineral oil medium and low viscosity class II,27514,214,461,520,15,867,135,222,403,257,47,247,19,597,262,273,167,20,169,1553,285,134,785,5480,1372,2818,128,3,1,0
620,Fast Green FCF,180036,1677,3926,2856,125,4997,649,1397,2791,2094,209,1693,150,4130,2626,1917,1021,97,1237,10420,2458,1082,4330,32387,10532,22707,815,26,2,2
621,Fast Yellow AB,200000,3890,8489,6815,387,9207,1071,2704,5832,3789,654,3040,337,7947,4708,3520,2724,373,2748,25395,3819,2723,11329,58792,19094,59853,2696,71,12,6
622,Potassium hydroxide,61320,458,1088,959,42,1822,220,457,845,584,62,487,51,1128,708,544,344,45,394,4014,581,387,1639,10953,2637,7355,324,15,1,1
623,Fumaric acid,79447,614,1503,1300,48,2242,262,712,1148,917,101,707,60,1586,965,749,517,62,600,4744,751,538,1934,13431,4148,10857,410,12,1,0
624,Sodium aluminium phosphate,44518,287,723,533,27,1461,138,361,762,489,49,428,26,881,544,438,214,30,274,2345,382,242,883,10040,1967,4810,191,6,0,0
625,Superglycerinated hydrogenated rapeseed oil,55673,430,1040,827,30,1723,180,450,863,602,69,518,41,1116,724,534,297,46,349,3229,522,329,1320,11377,2713,6793,286,12,0,1
626,Konjac,62570,474,1116,954,30,1817,217,471,926,612,115,498,53,1144,908,569,540,132,362,3677,699,436,1781,11459,3082,7619,299,15,1,0
627,Copper sulphate,45835,381,880,691,30,1455,200,429,709,465,54,363,25,913,579,436,214,25,298,2675,395,306,951,9442,2318,5383,230,8,2,0
628,Magnesium phosphates,72251,608,1253,948,41,1942,242,567,1066,928,76,713,48,1350,841,680,365,35,599,4148,767,441,1498,12614,3307,9848,475,17,0,0
629,Gum ghatti,54170,404,988,746,20,1568,190,436,904,582,60,487,23,1034,661,515,297,25,293,3047,519,346,1140,10485,2520,6252,244,15,0,0
630,Disodium tartrate,73118,574,1387,1064,41,1969,240,585,1100,823,80,642,52,1467,898,727,378,39,470,4157,847,456,1634,13101,3677,9090,341,17,0,1
631,Tricalcium citrate,89564,786,1938,1454,43,2510,328,744,1260,987,110,856,61,1862,1014,896,470,62,627,5166,998,606,2444,15736,4995,12087,426,17,2,0
632,4-hexylresorcinol,29029,204,504,366,15,928,95,252,456,285,33,223,18,660,312,308,160,17,160,1504,296,138,662,6268,1420,3189,121,6,0,0
633,Xylitol,25755,178,402,372,20,865,94,215,377,223,51,224,19,492,249,231,161,34,128,1835,270,145,491,5181,1354,2849,118,8,9,0
634,Sorbitol,88102,739,1580,2024,58,3276,598,713,1291,766,132,647,43,1617,903,675,853,95,583,5800,824,645,3096,18285,4184,11162,487,28,8,2
635,Aluminium sulphate,64707,575,1202,1065,43,2079,221,596,1173,636,88,513,46,1327,697,637,407,47,517,3791,630,453,2091,14476,2966,8175,389,19,0,1
636,Sorbitan monolaurate,43781,332,817,530,28,1335,153,383,695,432,47,378,27,843,726,406,244,34,246,2348,411,276,979,8773,2058,5156,190,8,0,0
637,Calcium erythorbin,200000,4480,25333,28574,353,18461,2059,7091,25200,12098,697,6166,1090,16928,8081,5538,5907,597,15385,52315,7990,6119,42754,62387,71519,200000,10282,162,24,5
638,Calcium stearoyl fumarate,38618,247,840,509,36,1272,155,333,649,391,69,337,43,887,437,397,193,25,216,2058,656,235,796,8056,2623,4728,231,10,0,0
639,E414a food additive,48003,343,779,635,40,1518,166,415,804,495,57,413,22,1001,608,514,207,29,328,2735,453,259,1145,10983,2138,4785,176,9,0,0
640,Curcumin,200000,21666,40469,51744,2136,44695,8977,14216,28932,22391,2449,14921,1946,40590,19079,16863,24361,1689,22539,150331,16945,17134,70969,200000,88061,200000,15220,1105,62,20
641,saccharin and its salts,25756,318,711,306,20,974,117,181,336,283,82,200,28,532,315,194,122,32,145,1896,256,133,438,5314,1118,5614,216,3,444,2
642,Lactic acid esters of mono- and diglycerides of fatty acids,37083,266,606,525,17,1323,155,326,605,413,48,351,18,821,462,385,226,29,208,1953,363,193,729,8897,1593,3555,111,7,0,0
643,Yellow iron oxide,112987,800,2077,2406,68,3642,357,954,1827,1217,151,1047,82,2614,1471,1167,648,68,699,6484,1096,665,2695,24595,5884,13462,520,19,1,1
644,Phytic acid,69322,536,1198,987,36,1899,233,491,1008,649,77,552,45,1294,779,601,610,79,434,3645,551,461,1751,13057,3203,8328,353,11,1,1
645,Ascorbic acid,200000,6230,8693,24603,438,12091,2734,4551,6712,4409,630,2751,447,8211,4819,2658,18053,448,5904,34206,4560,4744,19598,66692,21558,81701,4781,326,28,19
646,Cryptoaxanthin,156713,1464,2640,2045,84,4720,493,1264,2320,1768,202,1391,105,3303,2105,1641,789,94,921,8683,1325,928,3333,31611,7147,18697,715,38,4,1
647,Neohesperidine dihydrochalcone,22634,188,375,343,18,819,107,204,343,218,58,225,25,526,277,269,161,21,155,1138,252,108,453,5178,1041,2030,91,3,1,1
648,Phosphated distarch phosphate,11297,80,215,182,5,323,40,93,168,184,34,157,11,225,140,131,66,8,94,753,182,79,341,2170,649,1286,38,2,0,0
649,Heptylparaben,106479,885,2066,1697,117,2849,344,810,1529,1306,144,978,73,2098,1295,1015,562,71,713,6031,992,802,2369,18806,5349,13821,523,11,1,2
650,Monosodium citrate,73465,569,1359,985,40,2168,246,586,1131,800,77,676,42,1389,941,737,361,45,451,4061,754,463,1470,14835,3330,8760,356,15,0,1
